,freq
actividades,15
organizarme,14
planificar,8
importante,8
calendario,7
organización,6
importantes,6
importancia,6
motivación,6
pendientes,6
organizarse,5
desorganizada,4
"importante,",4
Muchísimas,4
disciplina,4
organizarme.,4
recomiendas,4
recomiendo,4
información,4
organizada,4
profesional,3
ejercicios,3
"actividades,",3
organizada.,3
recomiendan,3
explicación,3
aplicación,3
nisiquiera,3
compromiso,3
identificar,3
recomienda,3
aplicacion,3
California,3
organizando,3
organizado,3
información.,2
"mismo.asi:
""Haz",2
"irresponsable.
Esto",2
"acabar.

*Concéntrate",2
procastinando,2
pendiente.,2
observación,2
aprendiendo,2
@@heilynchinchilla7083,2
realización,2
planificación,2
"organizarme,",2
prioridades,2
movimiento,2
"organización,",2
"información,",2
encontrado,2
resultados,2
"disciplina,",2
transcurso,2
establecer,2
bendiciones,2
trabajando,2
"motivación:
Haz",2
"psicólogo,",2
experiencia,2
personales,2
funcionado,2
"mañana.
Hay",2
(ejercicios,2
"casa)

*Hablate",2
dispositivos,2
vincularlo,2
implementar,2
organizarnos,2
notificación,2
aplicaciones,2
desarrollar,2
escribiendo,2
frustración,2
"frustrarte,",2
diferencia,2
recomendar,2
organizadas,2
primigenio,2
fácilmente,2
Gracias...,2
desorganizado,2
estudiando,2
mentalmente,2
convencido,2
psicológicas,2
@@maralonso8499,2
ilustrativo,2
sincronizado,2
organisarme,1
controlados.,1
practicando,1
"00hs.
Llegue",1
orientación,1
actualización,1
"desorganizada,",1
ibservar.gracias,1
necesarias,1
crecimiento,1
profesional),1
archivadas,1
interesante,1
inversiones,1
demasiado😭le,1
productiva,1
tiempisimo,1
"Excelente,",1
improvisada?,1
adicionando,1
"programado,",1
fracasando,1
"responsabilidades,",1
graciaaaaas!!!!,1
procrastinación!!,1
funciona....Papel,1
smartphone,1
simple....,1
dispositivos?,1
batallando,1
distracciones,1
eliminando,1
"entretenimiento,",1
sustituyéndolas,1
ofreciéndomelas,1
recompensa,1
entretenimiento,1
constructiva:,1
inspiración,1
desconcentra.,1
"observación,",1
procrastinación...,1
constancia,1
"organizarme,ya",1
"haciendo)
2.",1
Actividades,1
conclusión),1
"pérdida).
3.",1
"agenda,(Verificar",1
"tareas.)
4.",1
meditación,1
consistente.,1
distractores,1
organizas?,1
"bendiciones,",1
graciasss!,1
"Ejercicio,",1
relaciones,1
especifico,1
desconozco,1
establecido,1
"agradecimiento,",1
organizacional-,1
tutoriales,1
profundizado,1
suficiente,1
comprender,1
diversidad,1
existentes,1
finalmente,1
materializado,1
afirmarlo.,1
"precisamente,",1
mencionan/muestran,1
"aplicaciones,",1
"concretos,",1
inicialmente-,1
integrarlos,1
cotidiana.,1
"""despoblado",1
"suficiente,",1
"satisfactoriamente,",1
recordamos,1
aparentemente,1
"definitiva,",1
esencialmente,1
"conocimientos,",1
persistimos,1
"""endemoniada""",1
indecisión,1
inaprensibles.,1
autosabotiamos,1
interpreta,1
inconsciente,1
multiplican.,1
(imitación),1
instrucciones,1
primordiales,1
progenitores,1
"camaradería,",1
seguidores,1
nuevamente!,1
constante),1
"mejorando,",1
naturaleza,1
entrópicos,1
ordenarlos.,1
"fecha,planificar",1
"despistada,",1
"problemas,",1
avergonzada,1
cambiarlo..,1
"organizarte,",1
encuadernada,1
previamente,1
"RESUMEN:
1.",1
anteriores.,1
excelente.,1
funcionó...,1
levantando,1
"digitales,",1
notificaciones,1
desventaja,1
organizarte,1
planificado,1
circunstancias,1
"frustración,",1
recomiendan????,1
ACTIVIDADES,1
"emociones
Yo:",1
emocionada,1
suscriptora!,1
escribirlo,1
libreta.En,1
frecuencia.😊,1
determinado,1
"terminarla,",1
"concentración,",1
"arma.

También",1
repartirlas,1
"ello.

Básicamente:
Es",1
"prioridades,",1
"videojuegos,",1
"aquello.

De",1
capacidades,1
improductiva.,1
"productiva,",1
prejuiciosa,1
ignorantemente),1
consideraba,1
"mental.
Ahora",1
perspectiva,1
pensamiento,1
"persona.
Soy",1
"anotar.
Gracias",1
(distracciones,1
importante.,1
ideas!!!!muchas,1
gracias!!!!!,1
concentracion,1
concentrar,1
cigarrillo,1
tranquilizar,1
concentrarme,1
preparación,1
universidad,1
explicación!!,1
escucharlo,1
asi..jajja,1
arruinando,1
compartiendo,1
explicación.,1
"horas?
Turno",1
"noche
Saliendo",1
organizativas,1
totalmente,1
"externos
Sumar",1
constantes,1
rendimiento,1
progresiva,1
"mejoría
Abrazos!!!",1
cuidadores?,1
emociones.,1
profundizando,1
"corriente""",1
irresponsabilidad,1
especialmente,1
desorganizada.,1
distraería,1
productivos,1
"fantásticos,",1
procrastinación,1
estresarme,1
excelentemente,1
explicado.,1
CONCEPTUAL.,1
priorizarlas,1
distinto😭😭😭😭,1
me.enferme,1
procrastino,1
"mate
Intentar",1
"haroeia
Escribir",1
"Chiellini,",1
"vacaciones,",1
"necesitaba,",1
solicitudes,1
espontaneo,1
hago.¿para,1
siguientes,1
recomendación,1
desbordada,1
asistentes,1
creciendo.,1
organizacion,1
jejejejeje,1
"sistematizada).

Tarea",1
olvidarían,1
"móvil.

PD:",1
"sirvió
Que",1
compartir;,1
interesante.,1
preparatorio,1
apropiadamente.,1
oportunidades,1
desmotívala,1
mejorando.,1
GRACIAS!!!!,1
despertador,1
campanita.,1
configuración,1
personalizo,1
disciplinas,1
información!!,1
renunciado,1
"domésticos,",1
desencadena,1
depresivas-ansiosas,1
depresivo-ansioso).,1
indisciplinada,1
entrenamiento,1
cumplirlas,1
consiguiente,1
frustración.,1
eficiente.,1
"eficiente,",1
benevolente,1
"cotidianas,",1
específicos,1
concretas.,1
Respetuosos,1
"cansancio,",1
procedimientos.,1
desarrollarlo,1
"laborales,",1
remunerado)),1
fraccionada,1
noche...eso,1
intercaladas,1
construyendo,1
dedicación,1
Subscriptora,1
complemento,1
estrategia,1
"actividad,",1
"actividades,así",1
"emocional,",1
¡prémiate!,1
Proverbios,1
cuidadosos,1
felicitaciones.,1
desaparece,1
e-learning,1
"analógico,",1
recordatorios,1
mencionado,1
🙇🏽‍♂️🙇🏽‍♂️,1
"organizacion,",1
"resultados,",1
"Nadie:
Yo:",1
importante:,1
Últimamente,1
intentando,1
@@Argentina_500,1
@@antonycastillo3152,1
"contenido,",1
felicidades❤,1
existencial,1
convierten,1
"urgente,ya",1
"notificación,",1
productivo,1
"productivos.

Cuando",1
complejidad,1
"(estudiante,",1
trabajador),1
IMPORTANTE,1
"ESCRITO
Vamos",1
elementos:,1
"tareas

LISTA",1
"presenten.
Automatizar",1
"tareas
ANOTAREMOS",1
"IMPORTANTE,",1
"TODO.

AGENDA
A",1
"semanalmente,",1
"ESPECÍFICA.

Lo",1
dediquemos,1
planificaremos,1
Importante,1
"tareas.

IR",1
Recordatorio,1
"práctico.
Ya",1
visualmente,1
temperatura,1
pronóstico,1
cotización,1
Cumpleaños,1
familiares,1
Compromisos,1
necesario.,1
organizadora,1
desorganizó,1
recomiendas?,1
reflexionar,1
"principales,",1
"temprano,hay",1
"estrategia,",1
"cansancio,no",1
"rápidamente,",1
descubierto,1
"planeación,",1
complementa,1
https://www.youtube.com/watch?v=nVO0vAEDKKg&ab_channel=GreenFits,1
vacaciones.,1
"superfáciles,",1
"usarla
Lista",1
infomacion,1
protagonista,1
trabajamos,1
"anotaciones,",1
retrasa/daña,1
Pequeñeses,1
posteriormente,1
​@@marcobazan2461como,1
situaciones,1
imprevistas,1
impidieron,1
desentrena,1
"reagendarlas.
Recuerda",1
consciente,1
disminuir.,1
imprevistos,1
frustrarte,1
reaccionar,1
anterirormente,1
"concentracion,",1
importancia.,1
👋🏼👋🏼👋🏼🇵🇦🇵🇦🇵🇦,1
subscriptor,1
iperactiba,1
​@@isaknight5487aunque,1
Graciaaaaaas,1
verdaderamente,1
acostumbrarme,1
"comentario,",1
Actualizaré,1
nuevamente,1
oranizarme,1
mantenerme,1
exponerse.,1
como.....ya,1
enseñarnos,1
Gracias!!!,1
"dibujar),lo",1
"masticado,",1
simplemente,1
calendario...,1
"marcadores,",1
aportacion,1
recomienden,1
"perfección,",1
"xD



Salu2",1
Necesitaba,1
autoevaluación,1
exactamente,1
calificación,1
smartphone?,1
exitosamente,1
computador,1
"excelente
Que",1
ayudaaaaaaaa,1
motivacion,1
tutorial😊👍🏼,1
"1#Regla:
-",1
"importante
2#Regla
-Agenda:",1
"concreta

3#¿Cómo",1
"combinarlos?
Dedicar",1
"siguiente
-Dedicar",1
"imposible,pero",1
"papel)

Papel",1
"Digital

Digital:",1
entretenerte,1
"prometido

Papel:",1
necesitaba,1
psicologicamente,1
recomiendan?,1
cualquiera,1
interferencias,1
interesante...,1
productivos.,1
productividad,1
contenido.,1
gracias!!!,1
dentista🤣😂,1
tecnología.,1
ORGANIZACIÓN.,1
importante...,1
combinarias,1
especifica,1
motivación/fuerza/energía,1
cumplirlo.,1
Disciplina,1
consideremos,1
"concreta

Domingo",1
"recomendaciones,",1
👏excelente,1
buenisimo!,1
computadora,1
intereses/preferencias.,1
respiración,1
jajajajaja,1
florituras..,1
"manualmente,",1
derrepente,1
"productividad
Gracias",1
desorfanizacion,1
bloquearme,1
espárragos,1
Excelente!!,1
"gracias

Like",1
suscriptor!,1
conocimiento,1
electronico,1
tecnologia,1
acomodarnos,1
tecnológico,1
documentos,1
ordenador).,1
preguntaba,1
":'v
Graciasss💙",1
"compartir,",1
aplicarlo!!!,1
describieras,1
Recomiendo,1
"gratuitas,",1
intuitivas,1
"organización

-",1
"Agenda
Compleja",1
"Journal
Ayuda",1
"impreso
Hojas",1
proclastinacion,1
procastinacion,1
herramienta,1
cumplirla.,1
realizando,1
desprestigiaras,1
"resumen:
1.-",1
"conclusión.

Verificar",1
"tareas.

Se",1
recomienden?,1
@@erikahuahualuque5281,1
"notion,por",1
reconfortante,1
"inducción.

¡Aplicaré",1
indicaciones.,1
coloridas),1
realizarlo,1
"tareas.
No",1
"prácticos.
Saludos",1
"Bueniiiisimo,,,",1
"encantaria,,",1
"pudieres,,,",1
Profundizar,1
"Complejo,,,",1
"PROCRASTINACION,,",1
recomendaciones,1
herramientas,1
asegurarte,1
"combinación,",1
organizado?,1
"espectáculo,",1
obviamente,1
​@@MaitiaVL,1
"cumplirla,",1
exposición,1
sinceramente,1
Solucionado.,1
terminaría,1
deslizando,1
entretengo,1
Entretenerse,1
procastinacion.,1
@@danielmerinobecerra952,1
@@pirex926,1
distraigas,1
psicológica,1
"enfrentar,",1
inconclusos,1
"procrastinacion,",1
transformado,1
"journal!!
Para",1
explicado!!,1
o99o99o99o9999o9oo9,1
@@katherineestradaaguirre3070,1
engorroso.,1
descifro????,1
"tardes.
No",1
superficial...,1
corrientes,1
considerar,1
consecuencias,1
"planificación,",1
flexibilidad,1
planificado.,1
problemas.,1
sincronizar,1
"Excelente,ofrecer",1
cognitivas,1
contribuir,1
eficientes,1
emprendimientos,1
invalorable.,1
"sincronizados,",1
diferentes,1
calendarios,1
"necesario,",1
mirarla!!!!,1
"organizando,",1
Calendario,1
comprobado,1
instructivos!!,1
Seguiremos,1
@@iara7596,1
definitivamente,1
sencillamente,1
interrumpe,1
"responder,",1
interrumpen.,1
Excelente!,1
notablemente.,1
clasificar,1
"horarios
todo",1
apuntadito,1
imprescindible,1
imponderables,1
AYUDAAAAAA!!!,1
"perfectamente,",1
extenuante,1
"curiosidad,",1
boligrafo?,1
apuntador?,1
marcapasos?,1
reptiliano?,1
"teleprompter,",1
JAJAJAJAJAJAJ,1
"necesites,",1
"decoraciones,",1
"completamente.
Soy",1
explicacion,1
"libre
Además,me",1
"contrario,",1
eficientemente,1
personales.,1
@@Adi-dp2wu,1
RADIOGRAFÍA.,1
"🙄🙄🙄🙄🙄🙄

QUE",1
cordiales.,1
administrarlo,1
@@elenatucoachemocional,1
enfermedades,1
"depresion,",1
presidente,1
"psicologica,",1
recomendación.,1
sentimientos,1
fascinante!,1
productivamente.,1
estamos...,1
prácticamente,1
medianamente,1
departamentales.,1
personalizadas,1
sonora/mexicali,1
extremos...,1
agradecido,1
ofendiditos,1
@@adriansosa1430,1
actividades.,1
"nacionalidades,",1
ocupaciones,1
jejeje....éso,1
