{
    "comentario: #1": "neutral - 0.0",
    "comentario: #2": "neutral - 0.0",
    "comentario: #3": "neutral - 0.0",
    "comentario: #4": "neutral - 0.0",
    "comentario: #5": "neutral - 0.0",
    "comentario: #6": "neutral - 0.0",
    "comentario: #7": "neutral - 0.0",
    "comentario: #8": "neutral - 0.0",
    "comentario: #9": "neutral - 0.0",
    "comentario: #10": "neutral - 0.0",
    "comentario: #11": "neutral - 0.0",
    "comentario: #12": "neutral - 0.0",
    "comentario: #13": "neutral - 0.0",
    "comentario: #14": "neutral - 0.0",
    "comentario: #15": "neutral - 0.0",
    "comentario: #16": "neutral - 0.0",
    "comentario: #17": "neutral - 0.0",
    "comentario: #18": "neutral - 0.0",
    "comentario: #19": "neutral - 0.0",
    "comentario: #20": "neutral - 0.0",
    "comentario: #21": "neutral - 0.0",
    "comentario: #22": "neutral - 0.0",
    "comentario: #23": "neutral - 0.0",
    "comentario: #24": "neutral - 0.0",
    "comentario: #25": "neutral - 0.0",
    "comentario: #26": "neutral - 0.0",
    "comentario: #27": "neutral - 0.0",
    "comentario: #28": "neutral - 0.0",
    "comentario: #29": "neutral - 0.0",
    "comentario: #30": "neutral - 0.0",
    "comentario: #31": "neutral - 0.0",
    "comentario: #32": "neutral - 0.0",
    "comentario: #33": "neutral - 0.0",
    "comentario: #34": "neutral - 0.0",
    "comentario: #35": "neutral - 0.0",
    "comentario: #36": "positivo - 0.03333333333333333",
    "comentario: #37": "neutral - 0.0",
    "comentario: #38": "neutral - 0.0",
    "comentario: #39": "neutral - 0.0",
    "comentario: #40": "neutral - 0.0",
    "comentario: #41": "neutral - 0.0",
    "comentario: #42": "neutral - 0.0",
    "comentario: #43": "neutral - 0.0",
    "comentario: #44": "neutral - 0.0",
    "comentario: #45": "neutral - 0.0",
    "comentario: #46": "neutral - 0.0",
    "comentario: #47": "neutral - 0.0",
    "comentario: #48": "neutral - 0.0",
    "comentario: #49": "neutral - 0.0",
    "comentario: #50": "neutral - 0.0",
    "comentario: #51": "neutral - 0.0",
    "comentario: #52": "neutral - 0.0",
    "comentario: #53": "positivo - 0.15",
    "comentario: #54": "neutral - 0.0",
    "comentario: #55": "negativo - -0.244140625",
    "comentario: #56": "neutral - 0.0",
    "comentario: #57": "neutral - 0.0",
    "comentario: #58": "neutral - 0.0",
    "comentario: #59": "neutral - 0.0",
    "comentario: #60": "neutral - 0.0",
    "comentario: #61": "neutral - 0.0",
    "comentario: #62": "neutral - 0.0",
    "comentario: #63": "neutral - 0.0",
    "comentario: #64": "neutral - 0.0",
    "comentario: #65": "neutral - 0.0",
    "comentario: #66": "neutral - 0.0",
    "comentario: #67": "neutral - 0.0",
    "comentario: #68": "neutral - 0.0",
    "comentario: #69": "neutral - 0.0",
    "comentario: #70": "neutral - 0.0",
    "comentario: #71": "neutral - 0.0",
    "comentario: #72": "neutral - 0.0",
    "comentario: #73": "neutral - 0.0",
    "comentario: #74": "neutral - 0.0",
    "comentario: #75": "neutral - 0.0",
    "comentario: #76": "neutral - 0.0",
    "comentario: #77": "neutral - 0.0",
    "comentario: #78": "neutral - 0.0",
    "comentario: #79": "neutral - 0.0",
    "comentario: #80": "neutral - 0.0",
    "comentario: #81": "neutral - 0.0",
    "comentario: #82": "neutral - 0.0",
    "comentario: #83": "neutral - 0.0",
    "comentario: #84": "neutral - 0.0",
    "comentario: #85": "neutral - 0.0",
    "comentario: #86": "neutral - 0.0",
    "comentario: #87": "positivo - 0.5416666666666666",
    "comentario: #88": "neutral - 0.0",
    "comentario: #89": "neutral - 0.0",
    "comentario: #90": "neutral - 0.0",
    "comentario: #91": "neutral - 0.0",
    "comentario: #92": "neutral - 0.0",
    "comentario: #93": "neutral - 0.0",
    "comentario: #94": "neutral - 0.0",
    "comentario: #95": "neutral - 0.0",
    "comentario: #96": "neutral - 0.0",
    "comentario: #97": "neutral - 0.0",
    "comentario: #98": "neutral - 0.0",
    "comentario: #99": "neutral - 0.0",
    "comentario: #100": "neutral - 0.0",
    "comentario: #101": "neutral - 0.0",
    "comentario: #102": "neutral - 0.0",
    "comentario: #103": "neutral - 0.0",
    "comentario: #104": "neutral - 0.0",
    "comentario: #105": "neutral - 0.0",
    "comentario: #106": "neutral - 0.0",
    "comentario: #107": "neutral - 0.0",
    "comentario: #108": "neutral - 0.0",
    "comentario: #109": "neutral - 0.0",
    "comentario: #110": "neutral - 0.0",
    "comentario: #111": "neutral - 0.0",
    "comentario: #112": "neutral - 0.0",
    "comentario: #113": "neutral - 0.0",
    "comentario: #114": "neutral - 0.0",
    "comentario: #115": "neutral - 0.0",
    "comentario: #116": "neutral - 0.0",
    "comentario: #117": "neutral - 0.0",
    "comentario: #118": "neutral - 0.0",
    "comentario: #119": "neutral - 0.0",
    "comentario: #120": "neutral - 0.0",
    "comentario: #121": "neutral - 0.0",
    "comentario: #122": "neutral - 0.0",
    "comentario: #123": "neutral - 0.0",
    "comentario: #124": "neutral - 0.0",
    "comentario: #125": "neutral - 0.0",
    "comentario: #126": "negativo - -0.9375",
    "comentario: #127": "neutral - 0.0",
    "comentario: #128": "neutral - 0.0",
    "comentario: #129": "neutral - 0.0",
    "comentario: #130": "neutral - 0.0",
    "comentario: #131": "neutral - 0.0",
    "comentario: #132": "neutral - 0.0",
    "comentario: #133": "neutral - 0.0",
    "comentario: #134": "neutral - 0.0",
    "comentario: #135": "positivo - 0.5",
    "comentario: #136": "positivo - 0.15",
    "comentario: #137": "neutral - 0.0",
    "comentario: #138": "neutral - 0.0",
    "comentario: #139": "negativo - -0.05",
    "comentario: #140": "neutral - 0.0",
    "comentario: #141": "neutral - 0.0",
    "comentario: #142": "neutral - 0.0",
    "comentario: #143": "neutral - 0.0",
    "comentario: #144": "neutral - 0.0",
    "comentario: #145": "neutral - 0.0",
    "comentario: #146": "neutral - 0.0",
    "comentario: #147": "neutral - 0.0",
    "comentario: #148": "neutral - 0.0",
    "comentario: #149": "neutral - 0.0",
    "comentario: #150": "neutral - 0.0",
    "comentario: #151": "neutral - 0.0",
    "comentario: #152": "neutral - 0.0",
    "comentario: #153": "neutral - 0.0",
    "comentario: #154": "neutral - 0.0",
    "comentario: #155": "neutral - 0.0",
    "comentario: #156": "neutral - 0.0",
    "comentario: #157": "neutral - 0.0",
    "comentario: #158": "neutral - 0.0",
    "comentario: #159": "neutral - 0.0",
    "comentario: #160": "neutral - 0.0",
    "comentario: #161": "neutral - 0.0",
    "comentario: #162": "neutral - 0.0",
    "comentario: #163": "neutral - 0.0",
    "comentario: #164": "neutral - 0.0",
    "comentario: #165": "neutral - 0.0",
    "comentario: #166": "negativo - -0.75",
    "comentario: #167": "neutral - 0.0",
    "comentario: #168": "positivo - 1.0",
    "comentario: #169": "neutral - 0.0",
    "comentario: #170": "neutral - 0.0",
    "comentario: #171": "neutral - 0.0",
    "comentario: #172": "neutral - 0.0",
    "comentario: #173": "neutral - 0.0",
    "comentario: #174": "neutral - 0.0",
    "comentario: #175": "neutral - 0.0",
    "comentario: #176": "neutral - 0.0",
    "comentario: #177": "neutral - 0.0",
    "comentario: #178": "neutral - 0.0",
    "comentario: #179": "neutral - 0.0",
    "comentario: #180": "neutral - 0.0",
    "comentario: #181": "neutral - 0.0",
    "comentario: #182": "neutral - 0.0",
    "comentario: #183": "neutral - 0.0",
    "comentario: #184": "positivo - 0.5",
    "comentario: #185": "neutral - 0.0",
    "comentario: #186": "neutral - 0.0",
    "comentario: #187": "neutral - 0.0",
    "comentario: #188": "neutral - 0.0",
    "comentario: #189": "neutral - 0.0",
    "comentario: #190": "neutral - 0.0",
    "comentario: #191": "neutral - 0.0",
    "comentario: #192": "neutral - 0.0",
    "comentario: #193": "neutral - 0.0",
    "comentario: #194": "neutral - 0.0",
    "comentario: #195": "neutral - 0.0",
    "comentario: #196": "neutral - 0.0",
    "comentario: #197": "neutral - 0.0",
    "comentario: #198": "neutral - 0.0",
    "comentario: #199": "neutral - 0.0",
    "comentario: #200": "neutral - 0.0",
    "comentario: #201": "neutral - 0.0",
    "comentario: #202": "neutral - 0.0",
    "comentario: #203": "neutral - 0.0",
    "comentario: #204": "neutral - 0.0",
    "comentario: #205": "neutral - 0.0",
    "comentario: #206": "neutral - 0.0",
    "comentario: #207": "neutral - 0.0",
    "comentario: #208": "neutral - 0.0",
    "comentario: #209": "neutral - 0.0",
    "comentario: #210": "positivo - 0.5",
    "comentario: #211": "neutral - 0.0",
    "comentario: #212": "neutral - 0.0",
    "comentario: #213": "neutral - 0.0",
    "comentario: #214": "negativo - -0.75",
    "comentario: #215": "neutral - 0.0",
    "comentario: #216": "neutral - 0.0",
    "comentario: #217": "neutral - 0.0",
    "comentario: #218": "neutral - 0.0",
    "comentario: #219": "neutral - 0.0",
    "comentario: #220": "neutral - 0.0",
    "comentario: #221": "neutral - 0.0",
    "comentario: #222": "neutral - 0.0",
    "comentario: #223": "neutral - 0.0",
    "comentario: #224": "negativo - -0.5",
    "comentario: #225": "neutral - 0.0",
    "comentario: #226": "neutral - 0.0",
    "comentario: #227": "neutral - 0.0",
    "comentario: #228": "neutral - 0.0",
    "comentario: #229": "neutral - 0.0",
    "comentario: #230": "neutral - 0.0",
    "comentario: #231": "neutral - 0.0",
    "comentario: #232": "neutral - 0.0",
    "comentario: #233": "neutral - 0.0",
    "comentario: #234": "neutral - 0.0",
    "comentario: #235": "neutral - 0.0",
    "comentario: #236": "neutral - 0.0",
    "comentario: #237": "positivo - 1.0",
    "comentario: #238": "neutral - 0.0",
    "comentario: #239": "neutral - 0.0",
    "comentario: #240": "neutral - 0.0",
    "comentario: #241": "neutral - 0.0",
    "comentario: #242": "negativo - -0.75",
    "comentario: #243": "neutral - 0.0",
    "comentario: #244": "neutral - 0.0",
    "comentario: #245": "neutral - 0.0",
    "comentario: #246": "neutral - 0.0",
    "comentario: #247": "neutral - 0.0",
    "comentario: #248": "neutral - 0.0",
    "comentario: #249": "neutral - 0.0",
    "comentario: #250": "neutral - 0.0",
    "comentario: #251": "neutral - 0.0",
    "comentario: #252": "positivo - 0.3",
    "comentario: #253": "neutral - 0.0",
    "comentario: #254": "neutral - 0.0",
    "comentario: #255": "neutral - 0.0",
    "comentario: #256": "neutral - 0.0",
    "comentario: #257": "neutral - 0.0",
    "comentario: #258": "neutral - 0.0",
    "comentario: #259": "positivo - 0.16666666666666666",
    "comentario: #260": "neutral - 0.0",
    "comentario: #261": "neutral - 0.0",
    "comentario: #262": "neutral - 0.0",
    "comentario: #263": "neutral - 0.0",
    "comentario: #264": "neutral - 0.0",
    "comentario: #265": "neutral - 0.0",
    "comentario: #266": "neutral - 0.0",
    "comentario: #267": "neutral - 0.0",
    "comentario: #268": "neutral - 0.0",
    "comentario: #269": "positivo - 0.05",
    "comentario: #270": "neutral - 0.0",
    "comentario: #271": "neutral - 0.0",
    "comentario: #272": "neutral - 0.0",
    "comentario: #273": "neutral - 0.0",
    "comentario: #274": "neutral - 0.0",
    "comentario: #275": "negativo - -0.75",
    "comentario: #276": "neutral - 0.0",
    "comentario: #277": "neutral - 0.0",
    "comentario: #278": "neutral - 0.0",
    "comentario: #279": "neutral - 0.0",
    "comentario: #280": "positivo - 0.1",
    "comentario: #281": "neutral - 0.0",
    "comentario: #282": "neutral - 0.0",
    "comentario: #283": "neutral - 0.0",
    "comentario: #284": "neutral - 0.0",
    "comentario: #285": "neutral - 0.0",
    "comentario: #286": "neutral - 0.0",
    "comentario: #287": "neutral - 0.0",
    "comentario: #288": "neutral - 0.0",
    "comentario: #289": "neutral - 0.0",
    "comentario: #290": "neutral - 0.0",
    "comentario: #291": "neutral - 0.0",
    "comentario: #292": "negativo - -0.75",
    "comentario: #293": "neutral - 0.0",
    "comentario: #294": "positivo - 0.5",
    "comentario: #295": "neutral - 0.0",
    "comentario: #296": "neutral - 0.0",
    "comentario: #297": "neutral - 0.0",
    "comentario: #298": "neutral - 0.0",
    "comentario: #299": "neutral - 0.0",
    "comentario: #300": "neutral - 0.0",
    "comentario: #301": "neutral - 0.0",
    "comentario: #302": "neutral - 0.0",
    "comentario: #303": "neutral - 0.0",
    "comentario: #304": "neutral - 0.0",
    "comentario: #305": "neutral - 0.0",
    "comentario: #306": "neutral - 0.0",
    "comentario: #307": "neutral - 0.0",
    "comentario: #308": "neutral - 0.0",
    "comentario: #309": "neutral - 0.0",
    "comentario: #310": "neutral - 0.0",
    "comentario: #311": "neutral - 0.0",
    "comentario: #312": "neutral - 0.0",
    "comentario: #313": "neutral - 0.0",
    "comentario: #314": "neutral - 0.0",
    "comentario: #315": "neutral - 0.0",
    "comentario: #316": "neutral - 0.0",
    "comentario: #317": "neutral - 0.0",
    "comentario: #318": "neutral - 0.0",
    "comentario: #319": "neutral - 0.0",
    "comentario: #320": "neutral - 0.0",
    "comentario: #321": "neutral - 0.0",
    "comentario: #322": "neutral - 0.0",
    "comentario: #323": "neutral - 0.0",
    "comentario: #324": "neutral - 0.0",
    "comentario: #325": "neutral - 0.0",
    "comentario: #326": "neutral - 0.0",
    "comentario: #327": "neutral - 0.0",
    "comentario: #328": "neutral - 0.0",
    "comentario: #329": "neutral - 0.0",
    "comentario: #330": "neutral - 0.0",
    "comentario: #331": "neutral - 0.0",
    "comentario: #332": "neutral - 0.0",
    "comentario: #333": "neutral - 0.0",
    "comentario: #334": "neutral - 0.0",
    "comentario: #335": "positivo - 0.15",
    "comentario: #336": "neutral - 0.0",
    "comentario: #337": "neutral - 0.0",
    "comentario: #338": "neutral - 0.0",
    "comentario: #339": "positivo - 0.5",
    "comentario: #340": "positivo - 0.1",
    "comentario: #341": "neutral - 0.0",
    "comentario: #342": "neutral - 0.0",
    "comentario: #343": "neutral - 0.0",
    "comentario: #344": "neutral - 0.0",
    "comentario: #345": "neutral - 0.0",
    "comentario: #346": "positivo - 0.5",
    "comentario: #347": "neutral - 0.0",
    "comentario: #348": "neutral - 0.0",
    "comentario: #349": "positivo - 0.5",
    "comentario: #350": "neutral - 0.0",
    "comentario: #351": "positivo - 1.0",
    "comentario: #352": "neutral - 0.0",
    "comentario: #353": "negativo - -0.25",
    "comentario: #354": "neutral - 0.0",
    "comentario: #355": "negativo - -0.75",
    "comentario: #356": "neutral - 0.0",
    "comentario: #357": "negativo - -0.2",
    "comentario: #358": "neutral - 0.0",
    "comentario: #359": "positivo - 0.5",
    "comentario: #360": "neutral - 0.0",
    "comentario: #361": "negativo - -0.75",
    "comentario: #362": "neutral - 0.0",
    "comentario: #363": "neutral - 0.0",
    "comentario: #364": "neutral - 0.0",
    "comentario: #365": "neutral - 0.0",
    "comentario: #366": "neutral - 0.0",
    "comentario: #367": "neutral - 0.0",
    "comentario: #368": "positivo - 0.1",
    "comentario: #369": "neutral - 0.0",
    "comentario: #370": "neutral - 0.0",
    "comentario: #371": "neutral - 0.0",
    "comentario: #372": "neutral - 0.0",
    "comentario: #373": "neutral - 0.0",
    "comentario: #374": "neutral - 0.0",
    "comentario: #375": "neutral - 0.0",
    "comentario: #376": "neutral - 0.0",
    "comentario: #377": "neutral - 0.0",
    "comentario: #378": "neutral - 0.0",
    "comentario: #379": "neutral - 0.0",
    "comentario: #380": "neutral - 0.0",
    "comentario: #381": "neutral - 0.0",
    "comentario: #382": "neutral - 0.0",
    "comentario: #383": "neutral - 0.0",
    "comentario: #384": "neutral - 0.0",
    "comentario: #385": "neutral - 0.0",
    "comentario: #386": "neutral - 0.0",
    "comentario: #387": "neutral - 0.0",
    "comentario: #388": "neutral - 0.0",
    "comentario: #389": "neutral - 0.0",
    "comentario: #390": "neutral - 0.0",
    "comentario: #391": "neutral - 0.0",
    "comentario: #392": "positivo - 0.5583333333333333",
    "comentario: #393": "neutral - 0.0",
    "comentario: #394": "neutral - 0.0",
    "comentario: #395": "neutral - 0.0",
    "comentario: #396": "neutral - 0.0",
    "comentario: #397": "neutral - 0.0",
    "comentario: #398": "neutral - 0.0",
    "comentario: #399": "neutral - 0.0",
    "comentario: #400": "neutral - 0.0",
    "comentario: #401": "neutral - 0.0",
    "comentario: #402": "neutral - 0.0",
    "comentario: #403": "neutral - 0.0",
    "comentario: #404": "neutral - 0.0",
    "comentario: #405": "neutral - 0.0",
    "comentario: #406": "neutral - 0.0",
    "comentario: #407": "neutral - 0.0",
    "comentario: #408": "positivo - 0.3333333333333333",
    "comentario: #409": "neutral - 0.0",
    "comentario: #410": "neutral - 0.0",
    "comentario: #411": "neutral - 0.0",
    "comentario: #412": "neutral - 0.0",
    "comentario: #413": "neutral - 0.0",
    "comentario: #414": "neutral - 0.0",
    "comentario: #415": "neutral - 0.0",
    "comentario: #416": "neutral - 0.0",
    "comentario: #417": "neutral - 0.0",
    "comentario: #418": "neutral - 0.0",
    "comentario: #419": "neutral - 0.0",
    "comentario: #420": "neutral - 0.0",
    "comentario: #421": "neutral - 0.0",
    "comentario: #422": "positivo - 0.16666666666666666",
    "comentario: #423": "positivo - 0.125",
    "comentario: #424": "neutral - 0.0",
    "comentario: #425": "neutral - 0.0",
    "comentario: #426": "neutral - 0.0",
    "comentario: #427": "neutral - 0.0",
    "comentario: #428": "neutral - 0.0",
    "comentario: #429": "neutral - 0.0",
    "comentario: #430": "neutral - 0.0",
    "comentario: #431": "neutral - 0.0",
    "comentario: #432": "neutral - 0.0",
    "comentario: #433": "neutral - 0.0",
    "comentario: #434": "neutral - 0.0",
    "comentario: #435": "neutral - 0.0",
    "comentario: #436": "neutral - 0.0",
    "comentario: #437": "neutral - 0.0",
    "comentario: #438": "neutral - 0.0",
    "comentario: #439": "neutral - 0.0",
    "comentario: #440": "neutral - 0.0",
    "comentario: #441": "neutral - 0.0",
    "comentario: #442": "positivo - 0.390625",
    "comentario: #443": "neutral - 0.0",
    "comentario: #444": "neutral - 0.0",
    "comentario: #445": "neutral - 0.0",
    "comentario: #446": "neutral - 0.0",
    "comentario: #447": "neutral - 0.0",
    "comentario: #448": "neutral - 0.0",
    "comentario: #449": "neutral - 0.0",
    "comentario: #450": "neutral - 0.0",
    "comentario: #451": "neutral - 0.0",
    "comentario: #452": "neutral - 0.0",
    "comentario: #453": "neutral - 0.0",
    "comentario: #454": "neutral - 0.0",
    "comentario: #455": "neutral - 0.0",
    "comentario: #456": "neutral - 0.0",
    "comentario: #457": "neutral - 0.0",
    "comentario: #458": "neutral - 0.0",
    "comentario: #459": "neutral - 0.0",
    "comentario: #460": "neutral - 0.0",
    "comentario: #461": "neutral - 0.0",
    "comentario: #462": "neutral - 0.0",
    "comentario: #463": "positivo - 0.2",
    "comentario: #464": "positivo - 0.375",
    "comentario: #465": "neutral - 0.0",
    "comentario: #466": "neutral - 0.0",
    "comentario: #467": "neutral - 0.0",
    "comentario: #468": "neutral - 0.0",
    "comentario: #469": "neutral - 0.0",
    "comentario: #470": "neutral - 0.0",
    "comentario: #471": "neutral - 0.0",
    "comentario: #472": "neutral - 0.0",
    "comentario: #473": "neutral - 0.0",
    "comentario: #474": "neutral - 0.0",
    "comentario: #475": "neutral - 0.0",
    "comentario: #476": "positivo - 0.05000000000000002",
    "comentario: #477": "neutral - 0.0",
    "comentario: #478": "neutral - 0.0",
    "comentario: #479": "neutral - 0.0",
    "comentario: #480": "neutral - 0.0",
    "comentario: #481": "neutral - 0.0",
    "comentario: #482": "positivo - 0.2",
    "comentario: #483": "neutral - 0.0",
    "comentario: #484": "neutral - 0.0",
    "comentario: #485": "neutral - 0.0",
    "comentario: #486": "neutral - 0.0",
    "comentario: #487": "neutral - 0.0",
    "comentario: #488": "neutral - 0.0",
    "comentario: #489": "neutral - 0.0",
    "comentario: #490": "neutral - 0.0",
    "comentario: #491": "neutral - 0.0",
    "comentario: #492": "neutral - 0.0",
    "comentario: #493": "positivo - 0.375",
    "comentario: #494": "positivo - 0.03333333333333333",
    "comentario: #495": "neutral - 0.0",
    "comentario: #496": "neutral - 0.0",
    "comentario: #497": "neutral - 0.0",
    "comentario: #498": "neutral - 0.0",
    "comentario: #499": "neutral - 0.0",
    "comentario: #500": "neutral - 0.0",
    "comentario: #501": "neutral - 0.0",
    "comentario: #502": "neutral - 0.0",
    "comentario: #503": "positivo - 0.15",
    "comentario: #504": "neutral - 0.0",
    "comentario: #505": "neutral - 0.0",
    "comentario: #506": "neutral - 0.0",
    "comentario: #507": "positivo - 0.125",
    "comentario: #508": "neutral - 0.0",
    "comentario: #509": "neutral - 0.0",
    "comentario: #510": "neutral - 0.0",
    "comentario: #511": "neutral - 0.0"
}