{
    "Tecnología de la información": {
        "aplicación": 3,
        "sistema": 4,
        "tecnología": 1,
        "móvil": 10,
        "formato": 6,
        "organización": 10,
        "ordenador": 3,
        "información": 9,
        "configuración": 1,
        "línea": 1,
        "análisis": 1,
        "diseño": 1,
        "formas": 3,
        "color": 1
    },
    "Diseño de sistemas": {
        "ordenador": 3,
        "toma": 1,
        "técnica": 1,
        "análisis": 1,
        "redes": 1
    },
    "Investigación y desarrollo": {
        "horario": 10,
        "escolar": 1
    },
    "Horario Escolar": {
        "horario": 10,
        "tiempo": 71,
        "orientación": 1,
        "estudios": 4,
        "salud": 1,
        "profesional": 4,
        "escuela": 1,
        "fin": 4,
        "gestión": 2,
        "vacaciones": 2,
        "año": 8,
        "escolar": 1,
        "educación": 1
    },
    "Gestión educacional": {
        "programas": 2,
        "escolar": 1,
        "educación": 1
    },
    "Algoritmo": {
        "análisis": 1
    },
    "Usuario de información": {
        "estudio": 5,
        "información": 9,
        "usuario": 1
    },
    "Enseñanza superior": {
        "profesional": 4,
        "curso": 2,
        "primera": 4,
        "estudiante": 1,
        "adultos": 1,
        "plan": 1,
        "educación": 1
    },
    "Toma de decisiones": {
        "teoría": 1,
        "problemas": 4,
        "diseño": 1,
        "valor": 1
    },
    "Tendencia educacional": {}
}