,freq
universidad,19
estudiantes,15
información,14
estudiante,12
actividades,9
productivo,6
compañeros,6
estudiando,6
productividad,6
Muchísimas,6
"contenido,",6
totalmente,5
aprendiendo,5
experiencia,5
agradecido,4
rendimientos,4
"estudiante,",4
conocimientos,4
organizarme,4
interesante,4
inteligente,3
diferentes,3
decrecientes,3
multitasking,3
comentarios,3
importante,3
simplemente,3
secundaria,3
rendimiento,3
bendiciones,3
desarrollo,3
encantaría,3
complemento,3
requisitos,3
agradecería,3
metodología,2
"willpower
*",2
aplicarlos,2
principios,2
planificando,2
invirtiendo,2
implementar,2
experiencias,2
probablemente,2
calificaciones,2
increíbles,2
contenidos,2
influencias,2
universitario,2
Gracias...,2
activities,2
actualmente,2
recomiendas,2
"admirable,",2
necesitaba.,2
organización,2
consideras,2
competencia,2
disminuyendo,2
diferente.,2
suscritas.,2
distribuir,2
suscripción.,2
adolescentes,2
latinoamerica,2
Universidad,2
Estudiante,2
suscrita😮.,2
diferencia,2
productivas,2
únicamente,2
mencionaste,2
conocimiento,2
profesional,2
enseñanzas,2
disciplina,2
pensamiento,2
necesario.,2
trabajando,2
comentario,2
necesitaba,2
admiración,2
"amistades,",2
intentando,2
Simplemente,2
prepararte,2
"anticipación,",2
principales,2
relacionadas,2
obsesiones,2
conscientemente,2
finalmente,2
motivación,2
profundamente,2
inspiración,2
"estudiando,",2
terminaste,2
prepararme,2
muchisimas,2
"motivación
14:17",1
"personas.
16:11",1
estrategias,1
reflexiones,1
estudiantes.,1
"conseguir,",1
EXCELLENTE,1
despertarme,1
"10
4)estudiar",1
"variables,",1
compatible,1
motivavamos,1
"desarrollar,",1
"""amistades""",1
"diferentes,",1
desconcentre,1
enseñanzas!,1
deportista,1
estudiante😢😢,1
concentracion,1
procastrinar,1
"Introducción
01:57​",1
"menos
03:31​",1
"duro
04:53​",1
"carretera
07:36​",1
"energía
09:49​",1
Conviértete,1
"tiempo
11:27​",1
Comprométete,1
"trabajo
13:09​",1
"tareas
14:48​",1
comenzando,1
resultados,1
divertirme,1
instituto🥲,1
procrastino,1
procastinar,1
desperdiciado,1
@@AntonyGonzalez-fu4sd,1
@@daniela_315,1
Matemáticas,1
extraordinarios,1
dependiendo,1
funcionamos,1
amanecemos,1
"sabiduría,",1
decrecientes:,1
"decreciendo
2.",1
"fundamental,",1
"reflexión,",1
"concentración,",1
"pensamiento,",1
transmitir,1
pensamientos,1
"opiniones
Deberías",1
discusiones,1
asociaciones,1
"estudiantes,",1
"voluntariados,",1
"universidad,y",1
"emprendimientos,",1
"protegida,",1
programadas,1
"deportes
4.",1
"importante,",1
siguientes,1
"preguntas,",1
procrastinando,1
procastinacion,1
respuestas,1
Conviertete,1
"muertos
6.",1
Comprometete,1
incompleta,1
levantarás,1
"terminarla
7.",1
manteneros,1
"accountable,",1
responsable,1
relacionas,1
"masterclass,",1
legendarios,1
entendibles,1
presidente,1
propuestas,1
distraccion,1
acercamientos,1
enriquezcan,1
https://www.youtube.com/watch?v=cibFlFeqSJ0,1
preparatoria,1
algoritmo.,1
universitarios,1
preparando,1
metodologicamente,1
anteriormente.,1
dedicación,1
pedagogía.,1
Maravilloso.,1
peoductivo,1
presentaste,1
religioso?,1
infomación,1
INFORMACIÓN.,1
calificación,1
"corriente,",1
representan,1
intentandolo,1
concentrarme,1
minimamente,1
interesarte,1
concentrarte,1
recomendado,1
recomendación,1
individual.,1
"universidad,",1
demasiados,1
acostumbrado,1
sobrecargarme,1
"inteligente,",1
productiva.,1
comprendiendo,1
secundaria;,1
perspectiva,1
continuar<3,1
levantarse,1
repitiendo,1
"escucharte,",1
gratamente,1
agradecida,1
maravilloso,1
"día.
Mencionaste",1
manifiesta,1
considerando,1
impartidos,1
"""Desgaste""",1
"actividad,",1
ejercicios,1
secundarias,1
"importancia).
¿Qué",1
"recomendarías?
Ya",1
científicos,1
ejecutando,1
insuficiente,1
"estudios.
Espero",1
espectacular!!,1
procrastinar,1
concentro.,1
"preferencias,",1
dificultades,1
compañeros.,1
secundaria?,1
relacionarme,1
enriquecedor,1
francamente,1
personalizable,1
tutoriales,1
computadora,1
primordial,1
Lastimosamente,1
elegirlas...,1
cansadísima,1
brillante.,1
"desprestigiar,",1
prestigiosa,1
competitiva,1
resultados).,1
compartido,1
informático,1
comprobado,1
preguntarte,1
"socializar,",1
(universitarias,1
"(""organización",1
"administración"").",1
comentarios.,1
estudiante.,1
COMPROMETERSE,1
"científica.
Task",1
Batching/Fusionar,1
"mails.
MultiTasking",1
"(productivo,",1
combinamos,1
"cognitivos.
Construir",1
enriquecer,1
socializar.,1
laboratorio,1
escondidos,1
excelencia,1
"ser.

Pero",1
cualquiera,1
"sola.

que",1
organizarse,1
"persona.

que",1
motivacion,1
disciplinarme,1
conexiones,1
marivilloso,1
illuminado.,1
"trabajando,",1
Extracurricular,1
"Activities,",1
"Entrepreneurship,",1
"Development,",1
Profesional,1
Development.,1
organizate,1
inteligenetes,1
organizamos,1
estructuramos,1
"tiempo.

Maintaining",1
proficiency.,1
redistributing,1
"one.

Identify",1
"information,",1
controlling,1
understanding,1
"20%.

Education",1
communication,1
real-world,1
engagement.,1
prioritize,1
"discussions,",1
"activities,",1
"volunteering,",1
entrepreneurial,1
"experience.

Prioritize",1
high-impact,1
significant,1
investment,1
allocation.,1
procrastination:,1
Acknowledge,1
Difficult/Medium,1
"willpower

After",1
additional,1
Prioritize,1
especially,1
well-rested,1
"energy.

Schedule",1
designated,1
"efficiency.

Surround",1
high-value,1
individuals,1
connections,1
contribute,1
Totalmente,1
aprenderlo,1
Maravilloso,1
"siempre,me",1
ofreciendo,1
transmitiendo,1
"agradecidos,",1
principal😊,1
Despiértate,1
valiosisimo,1
creatividad,1
videojuegos,1
preuniversitaria,1
universidad.,1
emprendimiento,1
completamante,1
suscriptores,1
ajajajajaja,1
espectacular,1
Adriá!!!Eres,1
"ejemplo,eres",1
mentor!Este,1
Gracias!!!,1
escuchándolos,1
organización.,1
coreano(de,1
independiente,1
"comentarios,",1
sabiduría.🎉,1
mejorando.,1
colectivas,1
...entonces,1
privilegio,1
programación,1
agradecidas,1
espabilado,1
"conocimientos,",1
"complementario,",1
generación.,1
espectadora,1
impartidos.,1
profesión.,1
biologicas,1
recomiendas.,1
justamente,1
"Empoderamiento,",1
Abundancia,1
Felicidad.,1
trabajadores,1
"superarse,",1
"siguiéndote,",1
prosperar.,1
"Gracias,eres",1
grande❤️‍🩹,1
desinflado,1
"habilidades,",1
excelencia.,1
eternamente,1
agradecido.,1
dedesarrollar,1
hhabilidades,1
compararme,1
resistencia,1
academicos,1
incorporar,1
aprendizaje,1
perjudiciales,1
"conceptos,",1
despegando,1
consistente,1
"socialización,",1
productivo.,1
estudio...,1
efectividad,1
Technique...,1
companeros,1
integrarse,1
convencerlo,1
permanentemente?,1
universitario?,1
estudiantil,1
funcionado,1
automático,1
satisfactorio,1
concentración,1
"conocimiento,",1
exactamente,1
frustraciones,1
contraproducente,1
Excelentes,1
Economía...,1
estudiando.,1
"necesitaba❤,",1
transición,1
concentrar,1
preestablecido,1
"universidades,",1
"superarme,",1
"mejorando,",1
"mejorando.
",1
decisiones,1
ESTUDIANTE,1
NECESITAMOS,1
meditación?,1
"relajación,",1
comentaris,1
Adreçar-se,1
l'audiència,1
intensifica,1
proximitat,1
Nornalment,1
personalitza,1
"crecimiento,",1
"contenido.
El",1
"curiosidad,",1
"significativo.
Yo",1
"vespertino,",1
inspiracion,1
"seguidores,",1
postulando,1
organizarte,1
preuniversitario,1
argentina;,1
M'encanten,1
levantarme,1
inmediatamente,1
desactivación,1
"activación,",1
traicionara,1
evolucionado,1
"perfectas),",1
"principios,",1
Lamentablemente,1
universidad;,1
"distintas,",1
aplicables,1
conocimientos!,1
​@@johnnybeharrislivingston3618,1
@@johnnybeharrislivingston3618,1
determinar,1
repetición,1
preguntas.,1
"posibilidades,",1
"algo...
P.D:",1
plataformas,1
espontáneo.,1
"estancarse.

Cuando",1
naturaleza,1
indefinidamente.,1
"responsabilidades,",1
"estancarse.

Las",1
extracurriculares?,1
conveniente,1
"realista

Crea",1
existentes,1
bibliografía,1
intercambiar,1
Relacionense,1
sociabilicen,1
"intereses.

Busca",1
contraproducente.,1
afortunada,1
"constructiva,",1
nuevamente,1
"deprimidos,",1
aparentemente,1
relacionarse,1
herramientas,1
creciendo!,1
trabajarlo,1
desconcentra,1
recomendar,1
"productividad,",1
Timestamps,1
Agradecerte,1
gratuitamente.,1
mentalidades,1
similares.,1
personalmente,1
sugerencia,1
frecuencia”?,1
perfectamente,1
situación.,1
fracasando,1
motivación...que,1
empedimento,1
religiosamente,1
generación,1
mentalmente,1
"ideológicamente,",1
"""suciedad""",1
".
Gracias.",1
aprendizajes,1
importantes,1
crecimiento,1
Impresionante,1
"edición!
Me",1
University,1
Personalmente,1
audiolibro,1
ejercicio.,1
"bachillerato,",1
desarollar,1
"desarrollo,",1
"tiempo
02:03",1
"descubierto,",1
fascinante,1
disponible,1
maravillos,1
inconmensurable.,1
explicaciones,1
verdaderamente,1
aprovecharlos,1
explicaras,1
University.,1
particularidad,1
generalmente,1
repetirlos,1
inyectando,1
audiovisual,1
discursivo,1
retroceder,1
despertador,1
identificar,1
claramente,1
castellanoparlante.,1
"contenido.
Pero",1
compartirme,1
necesarios.,1
información.,1
¡Excelente,1
efectivos.,1
vespertino?,1
Felicidades,1
graduación,1
trabajaste,1
equivalente,1
"oportuno.

Lo",1
"perfectas,",1
"esfuerzo.

Te",1
Identificar,1
anteriores.,1
referencia,1
"investigación.
06:20",1
"necesario,",1
"realista

Busca",1
fundamentales,1
informacio,1
"actualmente,",1
disciplinado,1
"productivos,",1
"semestral),",1
(repasando,1
presentarte,1
recomendarte,1
aterrizando,1
profesionales,1
transmiten,1
siguiéndote,1
incrementando,1
Sinceramente,1
"hermano,hijo,nieto....Muchas",1
valioso.Sigue,1
"inspirarnos,",1
aprendizaje.,1
organizado,1
"vídeos.
Cada",1
individuo.,1
Agradecimiento,1
"siguiente,",1
incorrecto,1
"cambiar

De",1
estudiaría,1
"instituto

Entre",1
"descansar,",1
mínimamentw,1
"mañana

De",1
desayunar.,1
estudiaría.,1
almorzaría,1
"protegidos
08:20",1
kilómetros,1
aproximadamente,1
posteriormente,1
identifico,1
completamente,1
"contigo.
Con",1
multidisciplinarios,1
positivamente,1
"personas?
Muchas",1
"gracias.
Saludos.",1
"excelente,",1
"calificaciones,",1
"sacrificio

Siento",1
sacrificio,1
preparatorias,1
estudiar...y,1
"estudiante
12:17",1
convalidaste,1
Admiracion,1
PLANIFICAR,1
"GRANDE
Adrià",1
universitarias.,1
administrar,1
"estudio

Luego",1
ESPECIALIDAD,1
ODONTOLOGICAS/MÉDICAS💀💀💀💀💀☠️💀☠️☠️,1
demasiado.,1
necessitava,1
"vivió,justo",1
"dedicación,",1
pornografía,1
frustración,1
realmente.,1
doctorado.,1
antropólogo,1
cumpleaños?,1
"vibracion,",1
conviértelo,1
increiblemente,1
autocritico,1
"inspiracion,",1
explicados,1
estructurados,1
excelentes,1
"maravilla,",1
favorecieron,1
muchísimo.,1
extracurricular.,1
necesitando!!!!...,1
@@kevinzx2917,1
@@Alonso...,1
contenido.,1
​@@kevinzx2917,1
concordancia,1
apropiado.,1
explicación,1
