{
    "comentario: #1": "neutral - 0.0",
    "comentario: #2": "neutral - 0.0",
    "comentario: #3": "neutral - 0.0",
    "comentario: #4": "neutral - 0.0",
    "comentario: #5": "neutral - 0.0",
    "comentario: #6": "neutral - 0.0",
    "comentario: #7": "neutral - 0.0",
    "comentario: #8": "neutral - 0.0",
    "comentario: #9": "neutral - 0.0",
    "comentario: #10": "neutral - 0.0",
    "comentario: #11": "neutral - 0.0",
    "comentario: #12": "neutral - 0.0",
    "comentario: #13": "neutral - 0.0",
    "comentario: #14": "positivo - 0.5",
    "comentario: #15": "neutral - 0.0",
    "comentario: #16": "neutral - 0.0",
    "comentario: #17": "neutral - 0.0",
    "comentario: #18": "neutral - 0.0",
    "comentario: #19": "neutral - 0.0",
    "comentario: #20": "neutral - 0.0",
    "comentario: #21": "neutral - 0.0",
    "comentario: #22": "neutral - 0.0",
    "comentario: #23": "neutral - 0.0",
    "comentario: #24": "neutral - 0.0",
    "comentario: #25": "neutral - 0.0",
    "comentario: #26": "neutral - 0.0",
    "comentario: #27": "neutral - 0.0",
    "comentario: #28": "neutral - 0.0",
    "comentario: #29": "neutral - 0.0",
    "comentario: #30": "neutral - 0.0",
    "comentario: #31": "positivo - 0.7",
    "comentario: #32": "positivo - 0.1",
    "comentario: #33": "neutral - 0.0",
    "comentario: #34": "neutral - 0.0",
    "comentario: #35": "neutral - 0.0",
    "comentario: #36": "neutral - 0.0",
    "comentario: #37": "positivo - 0.125",
    "comentario: #38": "positivo - 0.2",
    "comentario: #39": "neutral - 0.0",
    "comentario: #40": "neutral - 0.0",
    "comentario: #41": "neutral - 0.0",
    "comentario: #42": "neutral - 0.0",
    "comentario: #43": "neutral - 0.0",
    "comentario: #44": "neutral - 0.0",
    "comentario: #45": "neutral - 0.0",
    "comentario: #46": "neutral - 0.0",
    "comentario: #47": "neutral - 0.0",
    "comentario: #48": "neutral - 0.0",
    "comentario: #49": "neutral - 0.0",
    "comentario: #50": "neutral - 0.0",
    "comentario: #51": "neutral - 0.0",
    "comentario: #52": "neutral - 0.0",
    "comentario: #53": "neutral - 0.0",
    "comentario: #54": "neutral - 0.0",
    "comentario: #55": "neutral - 0.0",
    "comentario: #56": "neutral - 0.0",
    "comentario: #57": "neutral - 0.0",
    "comentario: #58": "neutral - 0.0",
    "comentario: #59": "neutral - 0.0",
    "comentario: #60": "neutral - 0.0",
    "comentario: #61": "neutral - 0.0",
    "comentario: #62": "neutral - 0.0",
    "comentario: #63": "neutral - 0.0",
    "comentario: #64": "neutral - 0.0",
    "comentario: #65": "neutral - 0.0",
    "comentario: #66": "neutral - 0.0",
    "comentario: #67": "neutral - 0.0",
    "comentario: #68": "neutral - 0.0",
    "comentario: #69": "neutral - 0.0",
    "comentario: #70": "neutral - 0.0",
    "comentario: #71": "positivo - 0.03333333333333333",
    "comentario: #72": "neutral - 0.0",
    "comentario: #73": "neutral - 0.0",
    "comentario: #74": "neutral - 0.0",
    "comentario: #75": "neutral - 0.0",
    "comentario: #76": "neutral - 0.0",
    "comentario: #77": "neutral - 0.0",
    "comentario: #78": "neutral - 0.0",
    "comentario: #79": "neutral - 0.0",
    "comentario: #80": "neutral - 0.0",
    "comentario: #81": "neutral - 0.0",
    "comentario: #82": "neutral - 0.0",
    "comentario: #83": "neutral - 0.0",
    "comentario: #84": "neutral - 0.0",
    "comentario: #85": "neutral - 0.0",
    "comentario: #86": "neutral - 0.0",
    "comentario: #87": "neutral - 0.0",
    "comentario: #88": "neutral - 0.0",
    "comentario: #89": "neutral - 0.0",
    "comentario: #90": "positivo - 0.6666666666666666",
    "comentario: #91": "positivo - 0.1",
    "comentario: #92": "neutral - 0.0",
    "comentario: #93": "neutral - 0.0",
    "comentario: #94": "neutral - 0.0",
    "comentario: #95": "neutral - 0.0",
    "comentario: #96": "neutral - 0.0",
    "comentario: #97": "neutral - 0.0",
    "comentario: #98": "neutral - 0.0",
    "comentario: #99": "neutral - 0.0",
    "comentario: #100": "neutral - 0.0",
    "comentario: #101": "neutral - 0.0",
    "comentario: #102": "neutral - 0.0",
    "comentario: #103": "neutral - 0.0",
    "comentario: #104": "neutral - 0.0",
    "comentario: #105": "neutral - 0.0",
    "comentario: #106": "neutral - 0.0",
    "comentario: #107": "neutral - 0.0",
    "comentario: #108": "neutral - 0.0",
    "comentario: #109": "neutral - 0.0",
    "comentario: #110": "neutral - 0.0",
    "comentario: #111": "neutral - 0.0",
    "comentario: #112": "neutral - 0.0",
    "comentario: #113": "neutral - 0.0",
    "comentario: #114": "neutral - 0.0",
    "comentario: #115": "neutral - 0.0",
    "comentario: #116": "neutral - 0.0",
    "comentario: #117": "neutral - 0.0",
    "comentario: #118": "neutral - 0.0",
    "comentario: #119": "negativo - -1.0",
    "comentario: #120": "neutral - 0.0",
    "comentario: #121": "neutral - 0.0",
    "comentario: #122": "positivo - 0.5",
    "comentario: #123": "neutral - 0.0",
    "comentario: #124": "neutral - 0.0",
    "comentario: #125": "neutral - 0.0",
    "comentario: #126": "neutral - 0.0",
    "comentario: #127": "neutral - 0.0",
    "comentario: #128": "neutral - 0.0",
    "comentario: #129": "neutral - 0.0",
    "comentario: #130": "neutral - 0.0",
    "comentario: #131": "neutral - 0.0",
    "comentario: #132": "neutral - 0.0",
    "comentario: #133": "neutral - 0.0",
    "comentario: #134": "neutral - 0.0",
    "comentario: #135": "negativo - -0.75",
    "comentario: #136": "negativo - -0.8",
    "comentario: #137": "neutral - 0.0",
    "comentario: #138": "neutral - 0.0",
    "comentario: #139": "neutral - 0.0",
    "comentario: #140": "positivo - 0.03333333333333333",
    "comentario: #141": "neutral - 0.0",
    "comentario: #142": "neutral - 0.0",
    "comentario: #143": "neutral - 0.0",
    "comentario: #144": "neutral - 0.0",
    "comentario: #145": "neutral - 0.0",
    "comentario: #146": "neutral - 0.0",
    "comentario: #147": "neutral - 0.0",
    "comentario: #148": "positivo - 0.03333333333333333",
    "comentario: #149": "positivo - 0.07616666666666667",
    "comentario: #150": "neutral - 0.0",
    "comentario: #151": "neutral - 0.0",
    "comentario: #152": "neutral - 0.0",
    "comentario: #153": "neutral - 0.0",
    "comentario: #154": "neutral - 0.0",
    "comentario: #155": "neutral - 0.0",
    "comentario: #156": "neutral - 0.0",
    "comentario: #157": "neutral - 0.0",
    "comentario: #158": "neutral - 0.0",
    "comentario: #159": "neutral - 0.0",
    "comentario: #160": "neutral - 0.0",
    "comentario: #161": "neutral - 0.0",
    "comentario: #162": "neutral - 0.0",
    "comentario: #163": "neutral - 0.0",
    "comentario: #164": "neutral - 0.0",
    "comentario: #165": "neutral - 0.0",
    "comentario: #166": "neutral - 0.0",
    "comentario: #167": "neutral - 0.0",
    "comentario: #168": "neutral - 0.0",
    "comentario: #169": "neutral - 0.0",
    "comentario: #170": "neutral - 0.0",
    "comentario: #171": "neutral - 0.0",
    "comentario: #172": "neutral - 0.0",
    "comentario: #173": "neutral - 0.0",
    "comentario: #174": "neutral - 0.0",
    "comentario: #175": "neutral - 0.0",
    "comentario: #176": "neutral - 0.0",
    "comentario: #177": "neutral - 0.0",
    "comentario: #178": "neutral - 0.0",
    "comentario: #179": "neutral - 0.0",
    "comentario: #180": "neutral - 0.0",
    "comentario: #181": "neutral - 0.0",
    "comentario: #182": "neutral - 0.0",
    "comentario: #183": "neutral - 0.0",
    "comentario: #184": "neutral - 0.0",
    "comentario: #185": "neutral - 0.0",
    "comentario: #186": "neutral - 0.0",
    "comentario: #187": "neutral - 0.0",
    "comentario: #188": "neutral - 0.0",
    "comentario: #189": "neutral - 0.0",
    "comentario: #190": "neutral - 0.0",
    "comentario: #191": "neutral - 0.0",
    "comentario: #192": "neutral - 0.0",
    "comentario: #193": "neutral - 0.0",
    "comentario: #194": "neutral - 0.0",
    "comentario: #195": "neutral - 0.0",
    "comentario: #196": "neutral - 0.0",
    "comentario: #197": "neutral - 0.0",
    "comentario: #198": "neutral - 0.0",
    "comentario: #199": "neutral - 0.0",
    "comentario: #200": "neutral - 0.0",
    "comentario: #201": "neutral - 0.0",
    "comentario: #202": "neutral - 0.0",
    "comentario: #203": "neutral - 0.0",
    "comentario: #204": "neutral - 0.0",
    "comentario: #205": "neutral - 0.0",
    "comentario: #206": "neutral - 0.0",
    "comentario: #207": "neutral - 0.0",
    "comentario: #208": "neutral - 0.0",
    "comentario: #209": "neutral - 0.0",
    "comentario: #210": "neutral - 0.0",
    "comentario: #211": "neutral - 0.0",
    "comentario: #212": "neutral - 0.0",
    "comentario: #213": "neutral - 0.0",
    "comentario: #214": "neutral - 0.0",
    "comentario: #215": "neutral - 0.0",
    "comentario: #216": "neutral - 0.0",
    "comentario: #217": "negativo - -0.1",
    "comentario: #218": "neutral - 0.0",
    "comentario: #219": "neutral - 0.0",
    "comentario: #220": "neutral - 0.0",
    "comentario: #221": "neutral - 0.0",
    "comentario: #222": "neutral - 0.0",
    "comentario: #223": "neutral - 0.0",
    "comentario: #224": "neutral - 0.0",
    "comentario: #225": "neutral - 0.0",
    "comentario: #226": "neutral - 0.0",
    "comentario: #227": "neutral - 0.0",
    "comentario: #228": "neutral - 0.0",
    "comentario: #229": "neutral - 0.0",
    "comentario: #230": "neutral - 0.0",
    "comentario: #231": "neutral - 0.0",
    "comentario: #232": "neutral - 0.0",
    "comentario: #233": "neutral - 0.0",
    "comentario: #234": "neutral - 0.0",
    "comentario: #235": "neutral - 0.0",
    "comentario: #236": "neutral - 0.0",
    "comentario: #237": "neutral - 0.0",
    "comentario: #238": "neutral - 0.0",
    "comentario: #239": "positivo - 0.5",
    "comentario: #240": "neutral - 0.0",
    "comentario: #241": "neutral - 0.0",
    "comentario: #242": "positivo - 0.5",
    "comentario: #243": "neutral - 0.0",
    "comentario: #244": "neutral - 0.0",
    "comentario: #245": "neutral - 0.0",
    "comentario: #246": "neutral - 0.0",
    "comentario: #247": "neutral - 0.0",
    "comentario: #248": "neutral - 0.0",
    "comentario: #249": "neutral - 0.0",
    "comentario: #250": "neutral - 0.0",
    "comentario: #251": "neutral - 0.0",
    "comentario: #252": "neutral - 0.0",
    "comentario: #253": "neutral - 0.0",
    "comentario: #254": "neutral - 0.0",
    "comentario: #255": "neutral - 0.0",
    "comentario: #256": "neutral - 0.0",
    "comentario: #257": "neutral - 0.0",
    "comentario: #258": "neutral - 0.0",
    "comentario: #259": "neutral - 0.0",
    "comentario: #260": "neutral - 0.0",
    "comentario: #261": "neutral - 0.0",
    "comentario: #262": "neutral - 0.0",
    "comentario: #263": "neutral - 0.0",
    "comentario: #264": "neutral - 0.0",
    "comentario: #265": "neutral - 0.0",
    "comentario: #266": "neutral - 0.0",
    "comentario: #267": "neutral - 0.0",
    "comentario: #268": "neutral - 0.0",
    "comentario: #269": "neutral - 0.0",
    "comentario: #270": "neutral - 0.0",
    "comentario: #271": "neutral - 0.0",
    "comentario: #272": "neutral - 0.0",
    "comentario: #273": "neutral - 0.0",
    "comentario: #274": "neutral - 0.0",
    "comentario: #275": "positivo - 0.3333333333333333",
    "comentario: #276": "neutral - 0.0",
    "comentario: #277": "neutral - 0.0",
    "comentario: #278": "neutral - 0.0",
    "comentario: #279": "neutral - 0.0",
    "comentario: #280": "neutral - 0.0",
    "comentario: #281": "neutral - 0.0",
    "comentario: #282": "neutral - 0.0",
    "comentario: #283": "neutral - 0.0",
    "comentario: #284": "neutral - 0.0",
    "comentario: #285": "neutral - 0.0",
    "comentario: #286": "neutral - 0.0",
    "comentario: #287": "neutral - 0.0",
    "comentario: #288": "neutral - 0.0",
    "comentario: #289": "neutral - 0.0",
    "comentario: #290": "neutral - 0.0",
    "comentario: #291": "neutral - 0.0",
    "comentario: #292": "neutral - 0.0",
    "comentario: #293": "neutral - 0.0",
    "comentario: #294": "neutral - 0.0",
    "comentario: #295": "neutral - 0.0",
    "comentario: #296": "neutral - 0.0",
    "comentario: #297": "positivo - 0.35",
    "comentario: #298": "neutral - 0.0",
    "comentario: #299": "neutral - 0.0",
    "comentario: #300": "neutral - 0.0",
    "comentario: #301": "neutral - 0.0",
    "comentario: #302": "neutral - 0.0",
    "comentario: #303": "neutral - 0.0",
    "comentario: #304": "neutral - 0.0",
    "comentario: #305": "neutral - 0.0",
    "comentario: #306": "neutral - 0.0",
    "comentario: #307": "neutral - 0.0",
    "comentario: #308": "neutral - 0.0",
    "comentario: #309": "positivo - 0.5",
    "comentario: #310": "neutral - 0.0",
    "comentario: #311": "neutral - 0.0",
    "comentario: #312": "neutral - 0.0",
    "comentario: #313": "neutral - 0.0",
    "comentario: #314": "positivo - 0.2",
    "comentario: #315": "neutral - 0.0",
    "comentario: #316": "positivo - 0.1",
    "comentario: #317": "neutral - 0.0",
    "comentario: #318": "neutral - 0.0",
    "comentario: #319": "neutral - 0.0",
    "comentario: #320": "neutral - 0.0",
    "comentario: #321": "neutral - 0.0",
    "comentario: #322": "neutral - 0.0",
    "comentario: #323": "neutral - 0.0",
    "comentario: #324": "neutral - 0.0",
    "comentario: #325": "neutral - 0.0",
    "comentario: #326": "neutral - 0.0",
    "comentario: #327": "neutral - 0.0",
    "comentario: #328": "neutral - 0.0",
    "comentario: #329": "neutral - 0.0",
    "comentario: #330": "neutral - 0.0",
    "comentario: #331": "neutral - 0.0",
    "comentario: #332": "neutral - 0.0",
    "comentario: #333": "neutral - 0.0",
    "comentario: #334": "neutral - 0.0",
    "comentario: #335": "neutral - 0.0",
    "comentario: #336": "neutral - 0.0",
    "comentario: #337": "neutral - 0.0",
    "comentario: #338": "neutral - 0.0",
    "comentario: #339": "neutral - 0.0",
    "comentario: #340": "neutral - 0.0",
    "comentario: #341": "neutral - 0.0",
    "comentario: #342": "neutral - 0.0",
    "comentario: #343": "neutral - 0.0",
    "comentario: #344": "neutral - 0.0",
    "comentario: #345": "neutral - 0.0",
    "comentario: #346": "neutral - 0.0",
    "comentario: #347": "neutral - 0.0",
    "comentario: #348": "neutral - 0.0",
    "comentario: #349": "neutral - 0.0",
    "comentario: #350": "neutral - 0.0",
    "comentario: #351": "neutral - 0.0",
    "comentario: #352": "neutral - 0.0",
    "comentario: #353": "neutral - 0.0",
    "comentario: #354": "neutral - 0.0",
    "comentario: #355": "neutral - 0.0",
    "comentario: #356": "neutral - 0.0",
    "comentario: #357": "neutral - 0.0",
    "comentario: #358": "neutral - 0.0",
    "comentario: #359": "neutral - 0.0",
    "comentario: #360": "neutral - 0.0",
    "comentario: #361": "positivo - 0.1",
    "comentario: #362": "neutral - 0.0",
    "comentario: #363": "neutral - 0.0",
    "comentario: #364": "neutral - 0.0",
    "comentario: #365": "neutral - 0.0",
    "comentario: #366": "neutral - 0.0",
    "comentario: #367": "neutral - 0.0",
    "comentario: #368": "neutral - 0.0",
    "comentario: #369": "neutral - 0.0",
    "comentario: #370": "neutral - 0.0",
    "comentario: #371": "neutral - 0.0",
    "comentario: #372": "neutral - 0.0",
    "comentario: #373": "neutral - 0.0",
    "comentario: #374": "neutral - 0.0",
    "comentario: #375": "neutral - 0.0",
    "comentario: #376": "neutral - 0.0"
}