{
    "Tecnología de la información": {
        "diseño": 2,
        "información": 16,
        "programa": 4,
        "organización": 4,
        "abierto": 1,
        "administración": 1,
        "experto": 1,
        "sistema": 2,
        "programación": 1,
        "formas": 1,
        "datos": 1,
        "espacial": 1,
        "ordenador": 1,
        "correo": 1
    },
    "Diseño de sistemas": {
        "investigación": 1,
        "programa": 4,
        "toma": 1,
        "redes": 1,
        "algoritmo": 1,
        "técnica": 2,
        "decisiones": 1,
        "ordenador": 1
    },
    "Investigación y desarrollo": {
        "horario": 3,
        "investigación": 1,
        "programa": 4,
        "científica": 1
    },
    "Horario Escolar": {
        "horario": 3,
        "tiempo": 53,
        "investigación": 1,
        "gestión": 4,
        "educación": 1,
        "estudios": 17,
        "escuela": 10,
        "profesional": 3,
        "año": 13,
        "admisión": 1,
        "beca": 1,
        "salud": 3,
        "viaje": 1
    },
    "Gestión educacional": {
        "educación": 1,
        "docente": 1,
        "administración": 1
    },
    "Algoritmo": {
        "matemáticas": 1,
        "funcional": 1,
        "datos": 1
    },
    "Usuario de información": {
        "estudio": 26,
        "información": 16,
        "formación": 1,
        "sociedad": 1,
        "necesidad": 1
    },
    "Enseñanza superior": {
        "adultos": 2,
        "estudiante": 21,
        "nivel": 8,
        "secundaria": 5,
        "educación": 1,
        "curso": 5,
        "profesional": 3,
        "primera": 3,
        "enseñanza": 1,
        "universitario": 3,
        "científica": 1,
        "instituto": 3
    },
    "Toma de decisiones": {
        "diseño": 2,
        "valor": 8,
        "decisión": 1
    },
    "Tendencia educacional": {
        "efectivos": 1
    }
}