{
    "Tecnología de la información": {
        "sistema": 6,
        "inteligencia": 2,
        "datos": 2,
        "color": 1,
        "oficina": 1,
        "alta": 4,
        "formas": 2,
        "red": 2,
        "programa": 1,
        "servicio": 1,
        "correo": 1
    },
    "Diseño de sistemas": {
        "redes": 9,
        "decisiones": 2,
        "toma": 4,
        "algoritmo": 1,
        "programa": 1
    },
    "Investigación y desarrollo": {
        "escolar": 1,
        "programa": 1
    },
    "Horario Escolar": {
        "tiempo": 155,
        "fin": 5,
        "salud": 9,
        "viaje": 1,
        "escolar": 1,
        "vacaciones": 3,
        "escuela": 1,
        "estudios": 2,
        "servicio": 1,
        "bienestar": 1,
        "comedor": 1
    },
    "Gestión educacional": {
        "docente": 2,
        "escolar": 1
    },
    "Algoritmo": {
        "datos": 2
    },
    "Usuario de información": {
        "estudio": 14,
        "sociedad": 1,
        "necesidad": 1
    },
    "Enseñanza superior": {
        "curso": 3,
        "nivel": 5,
        "primera": 8,
        "instituto": 2,
        "estudiante": 9,
        "secundaria": 1,
        "plan": 1,
        "servicio": 1
    },
    "Toma de decisiones": {
        "valor": 25,
        "problemas": 2,
        "sistemas": 1
    },
    "Tendencia educacional": {}
}