{
    "comentario: #1": "neutral - 0.0",
    "comentario: #2": "neutral - 0.0",
    "comentario: #3": "neutral - 0.0",
    "comentario: #4": "neutral - 0.0",
    "comentario: #5": "neutral - 0.0",
    "comentario: #6": "neutral - 0.0",
    "comentario: #7": "neutral - 0.0",
    "comentario: #8": "neutral - 0.0",
    "comentario: #9": "neutral - 0.0",
    "comentario: #10": "neutral - 0.0",
    "comentario: #11": "neutral - 0.0",
    "comentario: #12": "neutral - 0.0",
    "comentario: #13": "neutral - 0.0",
    "comentario: #14": "neutral - 0.0",
    "comentario: #15": "neutral - 0.0",
    "comentario: #16": "neutral - 0.0",
    "comentario: #17": "neutral - 0.0",
    "comentario: #18": "neutral - 0.0",
    "comentario: #19": "neutral - 0.0",
    "comentario: #20": "neutral - 0.0",
    "comentario: #21": "neutral - 0.0",
    "comentario: #22": "neutral - 0.0",
    "comentario: #23": "neutral - 0.0",
    "comentario: #24": "neutral - 0.0",
    "comentario: #25": "neutral - 0.0",
    "comentario: #26": "neutral - 0.0",
    "comentario: #27": "neutral - 0.0",
    "comentario: #28": "neutral - 0.0",
    "comentario: #29": "neutral - 0.0",
    "comentario: #30": "neutral - 0.0",
    "comentario: #31": "neutral - 0.0",
    "comentario: #32": "neutral - 0.0",
    "comentario: #33": "neutral - 0.0",
    "comentario: #34": "neutral - 0.0",
    "comentario: #35": "neutral - 0.0",
    "comentario: #36": "neutral - 0.0",
    "comentario: #37": "neutral - 0.0",
    "comentario: #38": "neutral - 0.0",
    "comentario: #39": "neutral - 0.0",
    "comentario: #40": "neutral - 0.0",
    "comentario: #41": "neutral - 0.0",
    "comentario: #42": "neutral - 0.0",
    "comentario: #43": "neutral - 0.0",
    "comentario: #44": "neutral - 0.0",
    "comentario: #45": "neutral - 0.0",
    "comentario: #46": "neutral - 0.0",
    "comentario: #47": "neutral - 0.0",
    "comentario: #48": "neutral - 0.0",
    "comentario: #49": "neutral - 0.0",
    "comentario: #50": "neutral - 0.0",
    "comentario: #51": "neutral - 0.0",
    "comentario: #52": "neutral - 0.0",
    "comentario: #53": "neutral - 0.0",
    "comentario: #54": "neutral - 0.0",
    "comentario: #55": "neutral - 0.0",
    "comentario: #56": "neutral - 0.0",
    "comentario: #57": "neutral - 0.0",
    "comentario: #58": "neutral - 0.0",
    "comentario: #59": "neutral - 0.0",
    "comentario: #60": "neutral - 0.0",
    "comentario: #61": "neutral - 0.0",
    "comentario: #62": "neutral - 0.0",
    "comentario: #63": "neutral - 0.0",
    "comentario: #64": "neutral - 0.0",
    "comentario: #65": "neutral - 0.0",
    "comentario: #66": "neutral - 0.0",
    "comentario: #67": "neutral - 0.0",
    "comentario: #68": "neutral - 0.0",
    "comentario: #69": "neutral - 0.0",
    "comentario: #70": "neutral - 0.0",
    "comentario: #71": "neutral - 0.0",
    "comentario: #72": "neutral - 0.0",
    "comentario: #73": "neutral - 0.0",
    "comentario: #74": "neutral - 0.0",
    "comentario: #75": "neutral - 0.0",
    "comentario: #76": "neutral - 0.0",
    "comentario: #77": "neutral - 0.0",
    "comentario: #78": "neutral - 0.0",
    "comentario: #79": "neutral - 0.0",
    "comentario: #80": "neutral - 0.0",
    "comentario: #81": "neutral - 0.0",
    "comentario: #82": "neutral - 0.0",
    "comentario: #83": "negativo - -0.5",
    "comentario: #84": "neutral - 0.0",
    "comentario: #85": "neutral - 0.0",
    "comentario: #86": "neutral - 0.0",
    "comentario: #87": "neutral - 0.0",
    "comentario: #88": "neutral - 0.0",
    "comentario: #89": "neutral - 0.0",
    "comentario: #90": "neutral - 0.0",
    "comentario: #91": "neutral - 0.0",
    "comentario: #92": "neutral - 0.0",
    "comentario: #93": "neutral - 0.0",
    "comentario: #94": "neutral - 0.0",
    "comentario: #95": "neutral - 0.0",
    "comentario: #96": "neutral - 0.0",
    "comentario: #97": "neutral - 0.0",
    "comentario: #98": "neutral - 0.0",
    "comentario: #99": "neutral - 0.0",
    "comentario: #100": "neutral - 0.0",
    "comentario: #101": "neutral - 0.0",
    "comentario: #102": "neutral - 0.0",
    "comentario: #103": "neutral - 0.0",
    "comentario: #104": "neutral - 0.0",
    "comentario: #105": "neutral - 0.0",
    "comentario: #106": "neutral - 0.0",
    "comentario: #107": "neutral - 0.0",
    "comentario: #108": "neutral - 0.0",
    "comentario: #109": "neutral - 0.0",
    "comentario: #110": "neutral - 0.0",
    "comentario: #111": "positivo - 0.4",
    "comentario: #112": "neutral - 0.0",
    "comentario: #113": "neutral - 0.0",
    "comentario: #114": "neutral - 0.0",
    "comentario: #115": "neutral - 0.0",
    "comentario: #116": "neutral - 0.0",
    "comentario: #117": "neutral - 0.0",
    "comentario: #118": "neutral - 0.0",
    "comentario: #119": "neutral - 0.0",
    "comentario: #120": "neutral - 0.0",
    "comentario: #121": "neutral - 0.0",
    "comentario: #122": "neutral - 0.0",
    "comentario: #123": "neutral - 0.0",
    "comentario: #124": "neutral - 0.0",
    "comentario: #125": "neutral - 0.0",
    "comentario: #126": "neutral - 0.0",
    "comentario: #127": "neutral - 0.0",
    "comentario: #128": "neutral - 0.0",
    "comentario: #129": "neutral - 0.0",
    "comentario: #130": "neutral - 0.0",
    "comentario: #131": "neutral - 0.0",
    "comentario: #132": "neutral - 0.0",
    "comentario: #133": "neutral - 0.0",
    "comentario: #134": "neutral - 0.0",
    "comentario: #135": "neutral - 0.0",
    "comentario: #136": "neutral - 0.0",
    "comentario: #137": "neutral - 0.0",
    "comentario: #138": "neutral - 0.0",
    "comentario: #139": "neutral - 0.0",
    "comentario: #140": "neutral - 0.0",
    "comentario: #141": "neutral - 0.0",
    "comentario: #142": "neutral - 0.0",
    "comentario: #143": "neutral - 0.0",
    "comentario: #144": "neutral - 0.0",
    "comentario: #145": "neutral - 0.0",
    "comentario: #146": "negativo - -0.1",
    "comentario: #147": "neutral - 0.0",
    "comentario: #148": "neutral - 0.0",
    "comentario: #149": "neutral - 0.0",
    "comentario: #150": "neutral - 0.0",
    "comentario: #151": "neutral - 0.0",
    "comentario: #152": "neutral - 0.0",
    "comentario: #153": "neutral - 0.0",
    "comentario: #154": "neutral - 0.0",
    "comentario: #155": "neutral - 0.0",
    "comentario: #156": "neutral - 0.0",
    "comentario: #157": "neutral - 0.0",
    "comentario: #158": "neutral - 0.0",
    "comentario: #159": "neutral - 0.0",
    "comentario: #160": "neutral - 0.0",
    "comentario: #161": "neutral - 0.0",
    "comentario: #162": "neutral - 0.0",
    "comentario: #163": "negativo - -0.1",
    "comentario: #164": "neutral - 0.0",
    "comentario: #165": "neutral - 0.0",
    "comentario: #166": "neutral - 0.0",
    "comentario: #167": "neutral - 0.0",
    "comentario: #168": "neutral - 0.0",
    "comentario: #169": "neutral - 0.0",
    "comentario: #170": "neutral - 0.0",
    "comentario: #171": "neutral - 0.0",
    "comentario: #172": "neutral - 0.0",
    "comentario: #173": "neutral - 0.0",
    "comentario: #174": "neutral - 0.0",
    "comentario: #175": "neutral - 0.0",
    "comentario: #176": "neutral - 0.0",
    "comentario: #177": "neutral - 0.0",
    "comentario: #178": "neutral - 0.0",
    "comentario: #179": "neutral - 0.0",
    "comentario: #180": "neutral - 0.0",
    "comentario: #181": "neutral - 0.0",
    "comentario: #182": "neutral - 0.0",
    "comentario: #183": "neutral - 0.0",
    "comentario: #184": "neutral - 0.0",
    "comentario: #185": "neutral - 0.0",
    "comentario: #186": "neutral - 0.0",
    "comentario: #187": "neutral - 0.0",
    "comentario: #188": "neutral - 0.0",
    "comentario: #189": "positivo - 0.05555555555555555",
    "comentario: #190": "neutral - 0.0",
    "comentario: #191": "neutral - 0.0",
    "comentario: #192": "neutral - 0.0",
    "comentario: #193": "neutral - 0.0",
    "comentario: #194": "neutral - 0.0",
    "comentario: #195": "neutral - 0.0",
    "comentario: #196": "neutral - 0.0",
    "comentario: #197": "neutral - 0.0",
    "comentario: #198": "neutral - 0.0",
    "comentario: #199": "neutral - 0.0",
    "comentario: #200": "neutral - 0.0",
    "comentario: #201": "neutral - 0.0",
    "comentario: #202": "neutral - 0.0",
    "comentario: #203": "neutral - 0.0",
    "comentario: #204": "neutral - 0.0",
    "comentario: #205": "neutral - 0.0",
    "comentario: #206": "neutral - 0.0",
    "comentario: #207": "neutral - 0.0",
    "comentario: #208": "neutral - 0.0",
    "comentario: #209": "neutral - 0.0",
    "comentario: #210": "neutral - 0.0",
    "comentario: #211": "positivo - 0.1",
    "comentario: #212": "neutral - 0.0",
    "comentario: #213": "neutral - 0.0",
    "comentario: #214": "neutral - 0.0",
    "comentario: #215": "neutral - 0.0",
    "comentario: #216": "neutral - 0.0",
    "comentario: #217": "neutral - 0.0",
    "comentario: #218": "neutral - 0.0",
    "comentario: #219": "neutral - 0.0",
    "comentario: #220": "neutral - 0.0",
    "comentario: #221": "neutral - 0.0",
    "comentario: #222": "neutral - 0.0",
    "comentario: #223": "neutral - 0.0",
    "comentario: #224": "neutral - 0.0",
    "comentario: #225": "neutral - 0.0",
    "comentario: #226": "neutral - 0.0",
    "comentario: #227": "neutral - 0.0",
    "comentario: #228": "neutral - 0.0",
    "comentario: #229": "neutral - 0.0",
    "comentario: #230": "neutral - 0.0",
    "comentario: #231": "neutral - 0.0",
    "comentario: #232": "neutral - 0.0",
    "comentario: #233": "neutral - 0.0",
    "comentario: #234": "neutral - 0.0",
    "comentario: #235": "neutral - 0.0",
    "comentario: #236": "neutral - 0.0",
    "comentario: #237": "neutral - 0.0",
    "comentario: #238": "neutral - 0.0",
    "comentario: #239": "neutral - 0.0",
    "comentario: #240": "neutral - 0.0",
    "comentario: #241": "neutral - 0.0",
    "comentario: #242": "neutral - 0.0",
    "comentario: #243": "neutral - 0.0",
    "comentario: #244": "neutral - 0.0",
    "comentario: #245": "neutral - 0.0",
    "comentario: #246": "neutral - 0.0",
    "comentario: #247": "neutral - 0.0",
    "comentario: #248": "neutral - 0.0",
    "comentario: #249": "neutral - 0.0",
    "comentario: #250": "neutral - 0.0",
    "comentario: #251": "neutral - 0.0",
    "comentario: #252": "neutral - 0.0",
    "comentario: #253": "neutral - 0.0",
    "comentario: #254": "neutral - 0.0",
    "comentario: #255": "neutral - 0.0",
    "comentario: #256": "neutral - 0.0",
    "comentario: #257": "neutral - 0.0",
    "comentario: #258": "neutral - 0.0",
    "comentario: #259": "neutral - 0.0",
    "comentario: #260": "neutral - 0.0",
    "comentario: #261": "neutral - 0.0",
    "comentario: #262": "neutral - 0.0",
    "comentario: #263": "neutral - 0.0",
    "comentario: #264": "neutral - 0.0",
    "comentario: #265": "neutral - 0.0",
    "comentario: #266": "neutral - 0.0",
    "comentario: #267": "neutral - 0.0",
    "comentario: #268": "neutral - 0.0",
    "comentario: #269": "neutral - 0.0",
    "comentario: #270": "neutral - 0.0",
    "comentario: #271": "neutral - 0.0",
    "comentario: #272": "neutral - 0.0",
    "comentario: #273": "neutral - 0.0",
    "comentario: #274": "neutral - 0.0",
    "comentario: #275": "neutral - 0.0",
    "comentario: #276": "neutral - 0.0",
    "comentario: #277": "neutral - 0.0",
    "comentario: #278": "neutral - 0.0",
    "comentario: #279": "neutral - 0.0",
    "comentario: #280": "neutral - 0.0",
    "comentario: #281": "neutral - 0.0",
    "comentario: #282": "neutral - 0.0",
    "comentario: #283": "neutral - 0.0",
    "comentario: #284": "neutral - 0.0",
    "comentario: #285": "neutral - 0.0",
    "comentario: #286": "neutral - 0.0",
    "comentario: #287": "neutral - 0.0",
    "comentario: #288": "neutral - 0.0",
    "comentario: #289": "neutral - 0.0",
    "comentario: #290": "positivo - 0.1",
    "comentario: #291": "neutral - 0.0",
    "comentario: #292": "neutral - 0.0",
    "comentario: #293": "neutral - 0.0",
    "comentario: #294": "neutral - 0.0",
    "comentario: #295": "neutral - 0.0",
    "comentario: #296": "neutral - 0.0",
    "comentario: #297": "neutral - 0.0",
    "comentario: #298": "neutral - 0.0",
    "comentario: #299": "neutral - 0.0",
    "comentario: #300": "neutral - 0.0",
    "comentario: #301": "neutral - 0.0",
    "comentario: #302": "neutral - 0.0",
    "comentario: #303": "neutral - 0.0",
    "comentario: #304": "neutral - 0.0",
    "comentario: #305": "neutral - 0.0",
    "comentario: #306": "neutral - 0.0",
    "comentario: #307": "positivo - 0.01666666666666668",
    "comentario: #308": "positivo - 0.2222222222222222",
    "comentario: #309": "neutral - 0.0",
    "comentario: #310": "neutral - 0.0",
    "comentario: #311": "neutral - 0.0",
    "comentario: #312": "neutral - 0.0",
    "comentario: #313": "neutral - 0.0",
    "comentario: #314": "neutral - 0.0",
    "comentario: #315": "neutral - 0.0",
    "comentario: #316": "neutral - 0.0",
    "comentario: #317": "neutral - 0.0",
    "comentario: #318": "neutral - 0.0",
    "comentario: #319": "neutral - 0.0",
    "comentario: #320": "neutral - 0.0",
    "comentario: #321": "neutral - 0.0",
    "comentario: #322": "neutral - 0.0",
    "comentario: #323": "neutral - 0.0",
    "comentario: #324": "neutral - 0.0",
    "comentario: #325": "neutral - 0.0",
    "comentario: #326": "neutral - 0.0",
    "comentario: #327": "neutral - 0.0",
    "comentario: #328": "neutral - 0.0",
    "comentario: #329": "positivo - 0.1",
    "comentario: #330": "positivo - 0.3333333333333333",
    "comentario: #331": "neutral - 0.0",
    "comentario: #332": "negativo - -0.45",
    "comentario: #333": "neutral - 0.0",
    "comentario: #334": "neutral - 0.0",
    "comentario: #335": "neutral - 0.0",
    "comentario: #336": "neutral - 0.0",
    "comentario: #337": "neutral - 0.0",
    "comentario: #338": "neutral - 0.0",
    "comentario: #339": "neutral - 0.0",
    "comentario: #340": "neutral - 0.0",
    "comentario: #341": "neutral - 0.0",
    "comentario: #342": "neutral - 0.0",
    "comentario: #343": "neutral - 0.0",
    "comentario: #344": "neutral - 0.0",
    "comentario: #345": "neutral - 0.0",
    "comentario: #346": "neutral - 0.0",
    "comentario: #347": "neutral - 0.0",
    "comentario: #348": "neutral - 0.0",
    "comentario: #349": "neutral - 0.0",
    "comentario: #350": "neutral - 0.0",
    "comentario: #351": "positivo - 0.2",
    "comentario: #352": "neutral - 0.0",
    "comentario: #353": "neutral - 0.0",
    "comentario: #354": "neutral - 0.0",
    "comentario: #355": "neutral - 0.0",
    "comentario: #356": "neutral - 0.0",
    "comentario: #357": "neutral - 0.0",
    "comentario: #358": "neutral - 0.0",
    "comentario: #359": "neutral - 0.0",
    "comentario: #360": "neutral - 0.0",
    "comentario: #361": "neutral - 0.0",
    "comentario: #362": "neutral - 0.0",
    "comentario: #363": "neutral - 0.0",
    "comentario: #364": "neutral - 0.0",
    "comentario: #365": "neutral - 0.0",
    "comentario: #366": "positivo - 0.3333333333333333",
    "comentario: #367": "neutral - 0.0",
    "comentario: #368": "neutral - 0.0",
    "comentario: #369": "neutral - 0.0",
    "comentario: #370": "neutral - 0.0",
    "comentario: #371": "neutral - 0.0",
    "comentario: #372": "neutral - 0.0",
    "comentario: #373": "neutral - 0.0",
    "comentario: #374": "neutral - 0.0",
    "comentario: #375": "neutral - 0.0",
    "comentario: #376": "neutral - 0.0",
    "comentario: #377": "neutral - 0.0",
    "comentario: #378": "neutral - 0.0",
    "comentario: #379": "neutral - 0.0",
    "comentario: #380": "neutral - 0.0",
    "comentario: #381": "neutral - 0.0",
    "comentario: #382": "neutral - 0.0",
    "comentario: #383": "neutral - 0.0",
    "comentario: #384": "neutral - 0.0",
    "comentario: #385": "neutral - 0.0",
    "comentario: #386": "neutral - 0.0",
    "comentario: #387": "neutral - 0.0",
    "comentario: #388": "neutral - 0.0",
    "comentario: #389": "neutral - 0.0",
    "comentario: #390": "neutral - 0.0",
    "comentario: #391": "neutral - 0.0",
    "comentario: #392": "neutral - 0.0",
    "comentario: #393": "neutral - 0.0",
    "comentario: #394": "neutral - 0.0",
    "comentario: #395": "neutral - 0.0",
    "comentario: #396": "neutral - 0.0",
    "comentario: #397": "neutral - 0.0",
    "comentario: #398": "neutral - 0.0",
    "comentario: #399": "neutral - 0.0",
    "comentario: #400": "neutral - 0.0",
    "comentario: #401": "neutral - 0.0",
    "comentario: #402": "neutral - 0.0",
    "comentario: #403": "neutral - 0.0",
    "comentario: #404": "neutral - 0.0",
    "comentario: #405": "neutral - 0.0",
    "comentario: #406": "neutral - 0.0",
    "comentario: #407": "neutral - 0.0",
    "comentario: #408": "neutral - 0.0",
    "comentario: #409": "neutral - 0.0",
    "comentario: #410": "neutral - 0.0",
    "comentario: #411": "neutral - 0.0",
    "comentario: #412": "neutral - 0.0",
    "comentario: #413": "neutral - 0.0",
    "comentario: #414": "neutral - 0.0",
    "comentario: #415": "neutral - 0.0",
    "comentario: #416": "neutral - 0.0",
    "comentario: #417": "neutral - 0.0",
    "comentario: #418": "positivo - 0.3333333333333333",
    "comentario: #419": "neutral - 0.0",
    "comentario: #420": "neutral - 0.0",
    "comentario: #421": "neutral - 0.0",
    "comentario: #422": "neutral - 0.0",
    "comentario: #423": "positivo - 0.1",
    "comentario: #424": "neutral - 0.0",
    "comentario: #425": "neutral - 0.0",
    "comentario: #426": "positivo - 0.2",
    "comentario: #427": "neutral - 0.0",
    "comentario: #428": "neutral - 0.0",
    "comentario: #429": "neutral - 0.0",
    "comentario: #430": "neutral - 0.0",
    "comentario: #431": "neutral - 0.0",
    "comentario: #432": "neutral - 0.0",
    "comentario: #433": "neutral - 0.0",
    "comentario: #434": "neutral - 0.0",
    "comentario: #435": "neutral - 0.0",
    "comentario: #436": "negativo - -0.1",
    "comentario: #437": "neutral - 0.0",
    "comentario: #438": "neutral - 0.0",
    "comentario: #439": "neutral - 0.0",
    "comentario: #440": "neutral - 0.0",
    "comentario: #441": "neutral - 0.0",
    "comentario: #442": "neutral - 0.0",
    "comentario: #443": "neutral - 0.0",
    "comentario: #444": "neutral - 0.0",
    "comentario: #445": "neutral - 0.0",
    "comentario: #446": "neutral - 0.0",
    "comentario: #447": "neutral - 0.0",
    "comentario: #448": "neutral - 0.0",
    "comentario: #449": "neutral - 0.0",
    "comentario: #450": "neutral - 0.0",
    "comentario: #451": "neutral - 0.0",
    "comentario: #452": "neutral - 0.0",
    "comentario: #453": "neutral - 0.0",
    "comentario: #454": "neutral - 0.0",
    "comentario: #455": "neutral - 0.0",
    "comentario: #456": "neutral - 0.0",
    "comentario: #457": "neutral - 0.0",
    "comentario: #458": "neutral - 0.0",
    "comentario: #459": "neutral - 0.0",
    "comentario: #460": "neutral - 0.0",
    "comentario: #461": "neutral - 0.0",
    "comentario: #462": "neutral - 0.0",
    "comentario: #463": "neutral - 0.0",
    "comentario: #464": "neutral - 0.0",
    "comentario: #465": "neutral - 0.0",
    "comentario: #466": "neutral - 0.0",
    "comentario: #467": "neutral - 0.0",
    "comentario: #468": "neutral - 0.0",
    "comentario: #469": "neutral - 0.0",
    "comentario: #470": "neutral - 0.0",
    "comentario: #471": "neutral - 0.0",
    "comentario: #472": "neutral - 0.0",
    "comentario: #473": "neutral - 0.0",
    "comentario: #474": "neutral - 0.0",
    "comentario: #475": "neutral - 0.0",
    "comentario: #476": "neutral - 0.0",
    "comentario: #477": "neutral - 0.0",
    "comentario: #478": "neutral - 0.0",
    "comentario: #479": "neutral - 0.0",
    "comentario: #480": "neutral - 0.0",
    "comentario: #481": "neutral - 0.0",
    "comentario: #482": "neutral - 0.0",
    "comentario: #483": "neutral - 0.0",
    "comentario: #484": "neutral - 0.0",
    "comentario: #485": "neutral - 0.0",
    "comentario: #486": "neutral - 0.0",
    "comentario: #487": "neutral - 0.0",
    "comentario: #488": "neutral - 0.0",
    "comentario: #489": "neutral - 0.0",
    "comentario: #490": "neutral - 0.0",
    "comentario: #491": "neutral - 0.0",
    "comentario: #492": "positivo - 0.1",
    "comentario: #493": "neutral - 0.0",
    "comentario: #494": "neutral - 0.0",
    "comentario: #495": "neutral - 0.0",
    "comentario: #496": "neutral - 0.0",
    "comentario: #497": "neutral - 0.0",
    "comentario: #498": "neutral - 0.0",
    "comentario: #499": "neutral - 0.0",
    "comentario: #500": "neutral - 0.0",
    "comentario: #501": "neutral - 0.0",
    "comentario: #502": "neutral - 0.0",
    "comentario: #503": "neutral - 0.0",
    "comentario: #504": "neutral - 0.0",
    "comentario: #505": "neutral - 0.0",
    "comentario: #506": "neutral - 0.0",
    "comentario: #507": "neutral - 0.0",
    "comentario: #508": "neutral - 0.0",
    "comentario: #509": "neutral - 0.0",
    "comentario: #510": "neutral - 0.0",
    "comentario: #511": "neutral - 0.0",
    "comentario: #512": "neutral - 0.0",
    "comentario: #513": "neutral - 0.0",
    "comentario: #514": "neutral - 0.0",
    "comentario: #515": "neutral - 0.0",
    "comentario: #516": "neutral - 0.0",
    "comentario: #517": "neutral - 0.0",
    "comentario: #518": "neutral - 0.0",
    "comentario: #519": "neutral - 0.0",
    "comentario: #520": "neutral - 0.0",
    "comentario: #521": "neutral - 0.0",
    "comentario: #522": "neutral - 0.0",
    "comentario: #523": "neutral - 0.0",
    "comentario: #524": "neutral - 0.0",
    "comentario: #525": "neutral - 0.0",
    "comentario: #526": "neutral - 0.0",
    "comentario: #527": "neutral - 0.0",
    "comentario: #528": "neutral - 0.0",
    "comentario: #529": "neutral - 0.0",
    "comentario: #530": "neutral - 0.0",
    "comentario: #531": "neutral - 0.0",
    "comentario: #532": "neutral - 0.0",
    "comentario: #533": "neutral - 0.0",
    "comentario: #534": "neutral - 0.0",
    "comentario: #535": "neutral - 0.0",
    "comentario: #536": "neutral - 0.0",
    "comentario: #537": "neutral - 0.0",
    "comentario: #538": "neutral - 0.0",
    "comentario: #539": "neutral - 0.0",
    "comentario: #540": "neutral - 0.0",
    "comentario: #541": "neutral - 0.0",
    "comentario: #542": "neutral - 0.0",
    "comentario: #543": "neutral - 0.0",
    "comentario: #544": "neutral - 0.0",
    "comentario: #545": "neutral - 0.0",
    "comentario: #546": "neutral - 0.0",
    "comentario: #547": "neutral - 0.0",
    "comentario: #548": "neutral - 0.0",
    "comentario: #549": "neutral - 0.0",
    "comentario: #550": "neutral - 0.0",
    "comentario: #551": "neutral - 0.0",
    "comentario: #552": "neutral - 0.0",
    "comentario: #553": "neutral - 0.0",
    "comentario: #554": "neutral - 0.0",
    "comentario: #555": "neutral - 0.0",
    "comentario: #556": "neutral - 0.0",
    "comentario: #557": "neutral - 0.0",
    "comentario: #558": "positivo - 0.15",
    "comentario: #559": "neutral - 0.0",
    "comentario: #560": "neutral - 0.0",
    "comentario: #561": "neutral - 0.0",
    "comentario: #562": "neutral - 0.0",
    "comentario: #563": "neutral - 0.0",
    "comentario: #564": "neutral - 0.0",
    "comentario: #565": "neutral - 0.0",
    "comentario: #566": "neutral - 0.0",
    "comentario: #567": "neutral - 0.0",
    "comentario: #568": "neutral - 0.0",
    "comentario: #569": "neutral - 0.0",
    "comentario: #570": "neutral - 0.0",
    "comentario: #571": "neutral - 0.0",
    "comentario: #572": "neutral - 0.0",
    "comentario: #573": "neutral - 0.0",
    "comentario: #574": "neutral - 0.0",
    "comentario: #575": "neutral - 0.0",
    "comentario: #576": "positivo - 0.1",
    "comentario: #577": "neutral - 0.0",
    "comentario: #578": "neutral - 0.0",
    "comentario: #579": "neutral - 0.0",
    "comentario: #580": "negativo - -0.1",
    "comentario: #581": "neutral - 0.0",
    "comentario: #582": "neutral - 0.0",
    "comentario: #583": "neutral - 0.0",
    "comentario: #584": "neutral - 0.0",
    "comentario: #585": "neutral - 0.0",
    "comentario: #586": "neutral - 0.0",
    "comentario: #587": "neutral - 0.0",
    "comentario: #588": "positivo - 0.5",
    "comentario: #589": "neutral - 0.0",
    "comentario: #590": "neutral - 0.0",
    "comentario: #591": "neutral - 0.0",
    "comentario: #592": "neutral - 0.0",
    "comentario: #593": "positivo - 0.25",
    "comentario: #594": "neutral - 0.0",
    "comentario: #595": "neutral - 0.0",
    "comentario: #596": "neutral - 0.0",
    "comentario: #597": "neutral - 0.0",
    "comentario: #598": "neutral - 0.0",
    "comentario: #599": "neutral - 0.0",
    "comentario: #600": "neutral - 0.0",
    "comentario: #601": "neutral - 0.0",
    "comentario: #602": "neutral - 0.0",
    "comentario: #603": "neutral - 0.0",
    "comentario: #604": "neutral - 0.0",
    "comentario: #605": "neutral - 0.0",
    "comentario: #606": "neutral - 0.0",
    "comentario: #607": "neutral - 0.0",
    "comentario: #608": "neutral - 0.0",
    "comentario: #609": "neutral - 0.0",
    "comentario: #610": "neutral - 0.0",
    "comentario: #611": "neutral - 0.0",
    "comentario: #612": "neutral - 0.0",
    "comentario: #613": "neutral - 0.0",
    "comentario: #614": "neutral - 0.0",
    "comentario: #615": "neutral - 0.0",
    "comentario: #616": "neutral - 0.0",
    "comentario: #617": "neutral - 0.0",
    "comentario: #618": "neutral - 0.0",
    "comentario: #619": "neutral - 0.0",
    "comentario: #620": "neutral - 0.0",
    "comentario: #621": "neutral - 0.0",
    "comentario: #622": "neutral - 0.0",
    "comentario: #623": "neutral - 0.0",
    "comentario: #624": "neutral - 0.0",
    "comentario: #625": "neutral - 0.0",
    "comentario: #626": "neutral - 0.0",
    "comentario: #627": "neutral - 0.0",
    "comentario: #628": "neutral - 0.0",
    "comentario: #629": "neutral - 0.0",
    "comentario: #630": "neutral - 0.0",
    "comentario: #631": "neutral - 0.0",
    "comentario: #632": "neutral - 0.0",
    "comentario: #633": "neutral - 0.0",
    "comentario: #634": "neutral - 0.0",
    "comentario: #635": "neutral - 0.0",
    "comentario: #636": "neutral - 0.0",
    "comentario: #637": "neutral - 0.0",
    "comentario: #638": "neutral - 0.0",
    "comentario: #639": "neutral - 0.0",
    "comentario: #640": "neutral - 0.0",
    "comentario: #641": "neutral - 0.0",
    "comentario: #642": "neutral - 0.0",
    "comentario: #643": "neutral - 0.0",
    "comentario: #644": "neutral - 0.0",
    "comentario: #645": "neutral - 0.0",
    "comentario: #646": "neutral - 0.0",
    "comentario: #647": "neutral - 0.0",
    "comentario: #648": "neutral - 0.0",
    "comentario: #649": "neutral - 0.0",
    "comentario: #650": "neutral - 0.0",
    "comentario: #651": "neutral - 0.0",
    "comentario: #652": "neutral - 0.0",
    "comentario: #653": "neutral - 0.0",
    "comentario: #654": "neutral - 0.0",
    "comentario: #655": "positivo - 0.16666666666666666",
    "comentario: #656": "neutral - 0.0",
    "comentario: #657": "neutral - 0.0",
    "comentario: #658": "positivo - 0.2",
    "comentario: #659": "neutral - 0.0",
    "comentario: #660": "neutral - 0.0",
    "comentario: #661": "neutral - 0.0",
    "comentario: #662": "neutral - 0.0",
    "comentario: #663": "neutral - 0.0",
    "comentario: #664": "neutral - 0.0",
    "comentario: #665": "neutral - 0.0",
    "comentario: #666": "neutral - 0.0",
    "comentario: #667": "neutral - 0.0",
    "comentario: #668": "neutral - 0.0",
    "comentario: #669": "neutral - 0.0",
    "comentario: #670": "neutral - 0.0",
    "comentario: #671": "neutral - 0.0",
    "comentario: #672": "neutral - 0.0",
    "comentario: #673": "neutral - 0.0",
    "comentario: #674": "positivo - 0.1",
    "comentario: #675": "neutral - 0.0",
    "comentario: #676": "neutral - 0.0",
    "comentario: #677": "neutral - 0.0",
    "comentario: #678": "neutral - 0.0",
    "comentario: #679": "neutral - 0.0",
    "comentario: #680": "neutral - 0.0",
    "comentario: #681": "neutral - 0.0",
    "comentario: #682": "neutral - 0.0",
    "comentario: #683": "neutral - 0.0",
    "comentario: #684": "neutral - 0.0",
    "comentario: #685": "neutral - 0.0",
    "comentario: #686": "neutral - 0.0",
    "comentario: #687": "neutral - 0.0",
    "comentario: #688": "neutral - 0.0",
    "comentario: #689": "neutral - 0.0",
    "comentario: #690": "neutral - 0.0",
    "comentario: #691": "neutral - 0.0",
    "comentario: #692": "neutral - 0.0",
    "comentario: #693": "neutral - 0.0",
    "comentario: #694": "neutral - 0.0",
    "comentario: #695": "neutral - 0.0",
    "comentario: #696": "neutral - 0.0",
    "comentario: #697": "neutral - 0.0",
    "comentario: #698": "neutral - 0.0",
    "comentario: #699": "positivo - 0.05000000000000002",
    "comentario: #700": "neutral - 0.0",
    "comentario: #701": "neutral - 0.0",
    "comentario: #702": "neutral - 0.0",
    "comentario: #703": "neutral - 0.0",
    "comentario: #704": "neutral - 0.0",
    "comentario: #705": "neutral - 0.0",
    "comentario: #706": "positivo - 0.03333333333333333",
    "comentario: #707": "neutral - 0.0",
    "comentario: #708": "positivo - 0.1",
    "comentario: #709": "neutral - 0.0",
    "comentario: #710": "neutral - 0.0",
    "comentario: #711": "neutral - 0.0",
    "comentario: #712": "positivo - 0.3333333333333333",
    "comentario: #713": "neutral - 0.0",
    "comentario: #714": "neutral - 0.0",
    "comentario: #715": "neutral - 0.0",
    "comentario: #716": "positivo - 0.16666666666666666",
    "comentario: #717": "neutral - 0.0",
    "comentario: #718": "neutral - 0.0",
    "comentario: #719": "neutral - 0.0",
    "comentario: #720": "neutral - 0.0",
    "comentario: #721": "neutral - 0.0",
    "comentario: #722": "neutral - 0.0",
    "comentario: #723": "neutral - 0.0",
    "comentario: #724": "negativo - -0.5",
    "comentario: #725": "neutral - 0.0",
    "comentario: #726": "neutral - 0.0",
    "comentario: #727": "neutral - 0.0",
    "comentario: #728": "neutral - 0.0",
    "comentario: #729": "neutral - 0.0",
    "comentario: #730": "neutral - 0.0",
    "comentario: #731": "neutral - 0.0",
    "comentario: #732": "neutral - 0.0",
    "comentario: #733": "neutral - 0.0",
    "comentario: #734": "neutral - 0.0",
    "comentario: #735": "neutral - 0.0",
    "comentario: #736": "neutral - 0.0",
    "comentario: #737": "neutral - 0.0",
    "comentario: #738": "neutral - 0.0",
    "comentario: #739": "neutral - 0.0",
    "comentario: #740": "neutral - 0.0",
    "comentario: #741": "neutral - 0.0",
    "comentario: #742": "neutral - 0.0",
    "comentario: #743": "neutral - 0.0",
    "comentario: #744": "neutral - 0.0",
    "comentario: #745": "neutral - 0.0",
    "comentario: #746": "neutral - 0.0",
    "comentario: #747": "neutral - 0.0",
    "comentario: #748": "neutral - 0.0",
    "comentario: #749": "neutral - 0.0",
    "comentario: #750": "neutral - 0.0",
    "comentario: #751": "positivo - 0.5",
    "comentario: #752": "neutral - 0.0",
    "comentario: #753": "neutral - 0.0",
    "comentario: #754": "neutral - 0.0",
    "comentario: #755": "neutral - 0.0",
    "comentario: #756": "neutral - 0.0",
    "comentario: #757": "neutral - 0.0",
    "comentario: #758": "neutral - 0.0",
    "comentario: #759": "neutral - 0.0",
    "comentario: #760": "neutral - 0.0",
    "comentario: #761": "neutral - 0.0",
    "comentario: #762": "neutral - 0.0",
    "comentario: #763": "neutral - 0.0",
    "comentario: #764": "neutral - 0.0",
    "comentario: #765": "positivo - 0.1",
    "comentario: #766": "neutral - 0.0",
    "comentario: #767": "neutral - 0.0",
    "comentario: #768": "neutral - 0.0",
    "comentario: #769": "neutral - 0.0",
    "comentario: #770": "neutral - 0.0",
    "comentario: #771": "neutral - 0.0",
    "comentario: #772": "neutral - 0.0",
    "comentario: #773": "neutral - 0.0",
    "comentario: #774": "neutral - 0.0",
    "comentario: #775": "neutral - 0.0",
    "comentario: #776": "positivo - 0.5",
    "comentario: #777": "neutral - 0.0",
    "comentario: #778": "neutral - 0.0",
    "comentario: #779": "neutral - 0.0",
    "comentario: #780": "neutral - 0.0",
    "comentario: #781": "neutral - 0.0",
    "comentario: #782": "neutral - 0.0",
    "comentario: #783": "neutral - 0.0",
    "comentario: #784": "neutral - 0.0",
    "comentario: #785": "neutral - 0.0",
    "comentario: #786": "neutral - 0.0",
    "comentario: #787": "neutral - 0.0",
    "comentario: #788": "neutral - 0.0",
    "comentario: #789": "neutral - 0.0",
    "comentario: #790": "neutral - 0.0",
    "comentario: #791": "neutral - 0.0",
    "comentario: #792": "neutral - 0.0",
    "comentario: #793": "neutral - 0.0",
    "comentario: #794": "neutral - 0.0",
    "comentario: #795": "neutral - 0.0",
    "comentario: #796": "neutral - 0.0",
    "comentario: #797": "neutral - 0.0",
    "comentario: #798": "neutral - 0.0",
    "comentario: #799": "neutral - 0.0",
    "comentario: #800": "neutral - 0.0",
    "comentario: #801": "neutral - 0.0",
    "comentario: #802": "neutral - 0.0",
    "comentario: #803": "neutral - 0.0",
    "comentario: #804": "neutral - 0.0",
    "comentario: #805": "neutral - 0.0",
    "comentario: #806": "neutral - 0.0",
    "comentario: #807": "neutral - 0.0",
    "comentario: #808": "neutral - 0.0",
    "comentario: #809": "neutral - 0.0",
    "comentario: #810": "neutral - 0.0",
    "comentario: #811": "neutral - 0.0",
    "comentario: #812": "neutral - 0.0",
    "comentario: #813": "neutral - 0.0",
    "comentario: #814": "neutral - 0.0",
    "comentario: #815": "neutral - 0.0",
    "comentario: #816": "neutral - 0.0",
    "comentario: #817": "neutral - 0.0",
    "comentario: #818": "neutral - 0.0",
    "comentario: #819": "neutral - 0.0",
    "comentario: #820": "neutral - 0.0",
    "comentario: #821": "neutral - 0.0",
    "comentario: #822": "neutral - 0.0",
    "comentario: #823": "neutral - 0.0",
    "comentario: #824": "neutral - 0.0",
    "comentario: #825": "neutral - 0.0",
    "comentario: #826": "neutral - 0.0",
    "comentario: #827": "neutral - 0.0",
    "comentario: #828": "neutral - 0.0",
    "comentario: #829": "neutral - 0.0",
    "comentario: #830": "neutral - 0.0",
    "comentario: #831": "neutral - 0.0",
    "comentario: #832": "neutral - 0.0",
    "comentario: #833": "neutral - 0.0",
    "comentario: #834": "neutral - 0.0",
    "comentario: #835": "neutral - 0.0",
    "comentario: #836": "neutral - 0.0",
    "comentario: #837": "neutral - 0.0",
    "comentario: #838": "neutral - 0.0",
    "comentario: #839": "neutral - 0.0",
    "comentario: #840": "neutral - 0.0",
    "comentario: #841": "neutral - 0.0",
    "comentario: #842": "neutral - 0.0",
    "comentario: #843": "neutral - 0.0",
    "comentario: #844": "neutral - 0.0",
    "comentario: #845": "neutral - 0.0",
    "comentario: #846": "neutral - 0.0",
    "comentario: #847": "neutral - 0.0",
    "comentario: #848": "neutral - 0.0",
    "comentario: #849": "neutral - 0.0",
    "comentario: #850": "neutral - 0.0",
    "comentario: #851": "positivo - 0.3333333333333333",
    "comentario: #852": "neutral - 0.0",
    "comentario: #853": "neutral - 0.0",
    "comentario: #854": "neutral - 0.0",
    "comentario: #855": "neutral - 0.0",
    "comentario: #856": "neutral - 0.0",
    "comentario: #857": "neutral - 0.0",
    "comentario: #858": "neutral - 0.0",
    "comentario: #859": "neutral - 0.0",
    "comentario: #860": "neutral - 0.0",
    "comentario: #861": "neutral - 0.0",
    "comentario: #862": "neutral - 0.0",
    "comentario: #863": "neutral - 0.0",
    "comentario: #864": "neutral - 0.0",
    "comentario: #865": "neutral - 0.0",
    "comentario: #866": "neutral - 0.0",
    "comentario: #867": "neutral - 0.0",
    "comentario: #868": "neutral - 0.0",
    "comentario: #869": "negativo - -0.1",
    "comentario: #870": "neutral - 0.0",
    "comentario: #871": "neutral - 0.0",
    "comentario: #872": "neutral - 0.0",
    "comentario: #873": "neutral - 0.0",
    "comentario: #874": "neutral - 0.0",
    "comentario: #875": "neutral - 0.0",
    "comentario: #876": "neutral - 0.0",
    "comentario: #877": "neutral - 0.0",
    "comentario: #878": "neutral - 0.0",
    "comentario: #879": "neutral - 0.0",
    "comentario: #880": "neutral - 0.0",
    "comentario: #881": "neutral - 0.0",
    "comentario: #882": "neutral - 0.0",
    "comentario: #883": "neutral - 0.0",
    "comentario: #884": "positivo - 0.35",
    "comentario: #885": "neutral - 0.0",
    "comentario: #886": "positivo - 0.15",
    "comentario: #887": "neutral - 0.0",
    "comentario: #888": "neutral - 0.0",
    "comentario: #889": "neutral - 0.0",
    "comentario: #890": "neutral - 0.0",
    "comentario: #891": "neutral - 0.0",
    "comentario: #892": "neutral - 0.0",
    "comentario: #893": "neutral - 0.0",
    "comentario: #894": "neutral - 0.0",
    "comentario: #895": "neutral - 0.0",
    "comentario: #896": "neutral - 0.0",
    "comentario: #897": "neutral - 0.0",
    "comentario: #898": "neutral - 0.0",
    "comentario: #899": "neutral - 0.0",
    "comentario: #900": "neutral - 0.0",
    "comentario: #901": "neutral - 0.0",
    "comentario: #902": "neutral - 0.0",
    "comentario: #903": "neutral - 0.0",
    "comentario: #904": "neutral - 0.0",
    "comentario: #905": "neutral - 0.0",
    "comentario: #906": "neutral - 0.0",
    "comentario: #907": "neutral - 0.0",
    "comentario: #908": "neutral - 0.0",
    "comentario: #909": "neutral - 0.0",
    "comentario: #910": "neutral - 0.0",
    "comentario: #911": "neutral - 0.0",
    "comentario: #912": "neutral - 0.0",
    "comentario: #913": "neutral - 0.0",
    "comentario: #914": "neutral - 0.0",
    "comentario: #915": "neutral - 0.0",
    "comentario: #916": "neutral - 0.0",
    "comentario: #917": "neutral - 0.0",
    "comentario: #918": "neutral - 0.0",
    "comentario: #919": "neutral - 0.0",
    "comentario: #920": "neutral - 0.0",
    "comentario: #921": "neutral - 0.0",
    "comentario: #922": "neutral - 0.0",
    "comentario: #923": "neutral - 0.0",
    "comentario: #924": "neutral - 0.0",
    "comentario: #925": "neutral - 0.0",
    "comentario: #926": "neutral - 0.0",
    "comentario: #927": "neutral - 0.0",
    "comentario: #928": "neutral - 0.0",
    "comentario: #929": "neutral - 0.0",
    "comentario: #930": "neutral - 0.0",
    "comentario: #931": "neutral - 0.0",
    "comentario: #932": "neutral - 0.0",
    "comentario: #933": "neutral - 0.0",
    "comentario: #934": "neutral - 0.0",
    "comentario: #935": "neutral - 0.0",
    "comentario: #936": "neutral - 0.0",
    "comentario: #937": "positivo - 0.5",
    "comentario: #938": "neutral - 0.0",
    "comentario: #939": "neutral - 0.0",
    "comentario: #940": "neutral - 0.0",
    "comentario: #941": "neutral - 0.0",
    "comentario: #942": "neutral - 0.0",
    "comentario: #943": "neutral - 0.0",
    "comentario: #944": "neutral - 0.0",
    "comentario: #945": "neutral - 0.0",
    "comentario: #946": "neutral - 0.0",
    "comentario: #947": "neutral - 0.0",
    "comentario: #948": "neutral - 0.0",
    "comentario: #949": "neutral - 0.0",
    "comentario: #950": "negativo - -0.5",
    "comentario: #951": "neutral - 0.0",
    "comentario: #952": "neutral - 0.0",
    "comentario: #953": "neutral - 0.0",
    "comentario: #954": "neutral - 0.0",
    "comentario: #955": "neutral - 0.0",
    "comentario: #956": "neutral - 0.0",
    "comentario: #957": "neutral - 0.0",
    "comentario: #958": "neutral - 0.0",
    "comentario: #959": "neutral - 0.0",
    "comentario: #960": "positivo - 0.1",
    "comentario: #961": "neutral - 0.0",
    "comentario: #962": "neutral - 0.0",
    "comentario: #963": "neutral - 0.0",
    "comentario: #964": "neutral - 0.0",
    "comentario: #965": "neutral - 0.0",
    "comentario: #966": "neutral - 0.0",
    "comentario: #967": "neutral - 0.0",
    "comentario: #968": "neutral - 0.0",
    "comentario: #969": "neutral - 0.0",
    "comentario: #970": "neutral - 0.0",
    "comentario: #971": "neutral - 0.0",
    "comentario: #972": "neutral - 0.0",
    "comentario: #973": "neutral - 0.0",
    "comentario: #974": "neutral - 0.0",
    "comentario: #975": "neutral - 0.0",
    "comentario: #976": "neutral - 0.0",
    "comentario: #977": "neutral - 0.0",
    "comentario: #978": "neutral - 0.0",
    "comentario: #979": "neutral - 0.0",
    "comentario: #980": "neutral - 0.0",
    "comentario: #981": "neutral - 0.0",
    "comentario: #982": "neutral - 0.0",
    "comentario: #983": "neutral - 0.0",
    "comentario: #984": "neutral - 0.0",
    "comentario: #985": "neutral - 0.0",
    "comentario: #986": "neutral - 0.0",
    "comentario: #987": "neutral - 0.0",
    "comentario: #988": "neutral - 0.0",
    "comentario: #989": "positivo - 1.0",
    "comentario: #990": "neutral - 0.0",
    "comentario: #991": "neutral - 0.0",
    "comentario: #992": "neutral - 0.0",
    "comentario: #993": "neutral - 0.0",
    "comentario: #994": "neutral - 0.0",
    "comentario: #995": "neutral - 0.0",
    "comentario: #996": "neutral - 0.0",
    "comentario: #997": "neutral - 0.0",
    "comentario: #998": "neutral - 0.0",
    "comentario: #999": "neutral - 0.0",
    "comentario: #1000": "neutral - 0.0",
    "comentario: #1001": "negativo - -0.8",
    "comentario: #1002": "neutral - 0.0",
    "comentario: #1003": "neutral - 0.0",
    "comentario: #1004": "neutral - 0.0",
    "comentario: #1005": "neutral - 0.0",
    "comentario: #1006": "neutral - 0.0",
    "comentario: #1007": "neutral - 0.0",
    "comentario: #1008": "neutral - 0.0",
    "comentario: #1009": "neutral - 0.0",
    "comentario: #1010": "neutral - 0.0",
    "comentario: #1011": "neutral - 0.0",
    "comentario: #1012": "neutral - 0.0",
    "comentario: #1013": "neutral - 0.0",
    "comentario: #1014": "neutral - 0.0",
    "comentario: #1015": "neutral - 0.0",
    "comentario: #1016": "neutral - 0.0",
    "comentario: #1017": "neutral - 0.0",
    "comentario: #1018": "neutral - 0.0",
    "comentario: #1019": "neutral - 0.0",
    "comentario: #1020": "neutral - 0.0",
    "comentario: #1021": "neutral - 0.0",
    "comentario: #1022": "neutral - 0.0",
    "comentario: #1023": "neutral - 0.0",
    "comentario: #1024": "neutral - 0.0",
    "comentario: #1025": "neutral - 0.0",
    "comentario: #1026": "neutral - 0.0",
    "comentario: #1027": "neutral - 0.0",
    "comentario: #1028": "neutral - 0.0",
    "comentario: #1029": "neutral - 0.0",
    "comentario: #1030": "neutral - 0.0",
    "comentario: #1031": "neutral - 0.0",
    "comentario: #1032": "neutral - 0.0",
    "comentario: #1033": "neutral - 0.0",
    "comentario: #1034": "neutral - 0.0",
    "comentario: #1035": "neutral - 0.0",
    "comentario: #1036": "neutral - 0.0",
    "comentario: #1037": "neutral - 0.0",
    "comentario: #1038": "neutral - 0.0",
    "comentario: #1039": "neutral - 0.0",
    "comentario: #1040": "neutral - 0.0",
    "comentario: #1041": "neutral - 0.0",
    "comentario: #1042": "neutral - 0.0",
    "comentario: #1043": "positivo - 0.375",
    "comentario: #1044": "neutral - 0.0",
    "comentario: #1045": "neutral - 0.0",
    "comentario: #1046": "neutral - 0.0",
    "comentario: #1047": "neutral - 0.0",
    "comentario: #1048": "neutral - 0.0",
    "comentario: #1049": "neutral - 0.0",
    "comentario: #1050": "neutral - 0.0",
    "comentario: #1051": "neutral - 0.0",
    "comentario: #1052": "neutral - 0.0",
    "comentario: #1053": "negativo - -0.1",
    "comentario: #1054": "neutral - 0.0",
    "comentario: #1055": "neutral - 0.0",
    "comentario: #1056": "neutral - 0.0",
    "comentario: #1057": "neutral - 0.0",
    "comentario: #1058": "negativo - -0.1",
    "comentario: #1059": "neutral - 0.0",
    "comentario: #1060": "neutral - 0.0",
    "comentario: #1061": "neutral - 0.0",
    "comentario: #1062": "neutral - 0.0",
    "comentario: #1063": "neutral - 0.0",
    "comentario: #1064": "neutral - 0.0",
    "comentario: #1065": "neutral - 0.0",
    "comentario: #1066": "neutral - 0.0",
    "comentario: #1067": "neutral - 0.0",
    "comentario: #1068": "neutral - 0.0",
    "comentario: #1069": "positivo - 0.9",
    "comentario: #1070": "neutral - 0.0",
    "comentario: #1071": "neutral - 0.0",
    "comentario: #1072": "neutral - 0.0",
    "comentario: #1073": "neutral - 0.0",
    "comentario: #1074": "neutral - 0.0",
    "comentario: #1075": "neutral - 0.0",
    "comentario: #1076": "neutral - 0.0",
    "comentario: #1077": "neutral - 0.0",
    "comentario: #1078": "neutral - 0.0",
    "comentario: #1079": "neutral - 0.0",
    "comentario: #1080": "neutral - 0.0",
    "comentario: #1081": "neutral - 0.0",
    "comentario: #1082": "neutral - 0.0",
    "comentario: #1083": "neutral - 0.0",
    "comentario: #1084": "neutral - 0.0",
    "comentario: #1085": "neutral - 0.0",
    "comentario: #1086": "neutral - 0.0",
    "comentario: #1087": "neutral - 0.0",
    "comentario: #1088": "neutral - 0.0",
    "comentario: #1089": "neutral - 0.0",
    "comentario: #1090": "neutral - 0.0",
    "comentario: #1091": "neutral - 0.0",
    "comentario: #1092": "neutral - 0.0",
    "comentario: #1093": "neutral - 0.0",
    "comentario: #1094": "neutral - 0.0",
    "comentario: #1095": "neutral - 0.0",
    "comentario: #1096": "neutral - 0.0",
    "comentario: #1097": "neutral - 0.0",
    "comentario: #1098": "neutral - 0.0",
    "comentario: #1099": "neutral - 0.0",
    "comentario: #1100": "neutral - 0.0",
    "comentario: #1101": "neutral - 0.0",
    "comentario: #1102": "neutral - 0.0",
    "comentario: #1103": "neutral - 0.0",
    "comentario: #1104": "neutral - 0.0",
    "comentario: #1105": "neutral - 0.0",
    "comentario: #1106": "neutral - 0.0",
    "comentario: #1107": "neutral - 0.0",
    "comentario: #1108": "neutral - 0.0",
    "comentario: #1109": "neutral - 0.0",
    "comentario: #1110": "neutral - 0.0",
    "comentario: #1111": "neutral - 0.0",
    "comentario: #1112": "neutral - 0.0",
    "comentario: #1113": "neutral - 0.0",
    "comentario: #1114": "neutral - 0.0",
    "comentario: #1115": "neutral - 0.0",
    "comentario: #1116": "neutral - 0.0",
    "comentario: #1117": "neutral - 0.0",
    "comentario: #1118": "neutral - 0.0",
    "comentario: #1119": "neutral - 0.0",
    "comentario: #1120": "neutral - 0.0",
    "comentario: #1121": "neutral - 0.0",
    "comentario: #1122": "neutral - 0.0",
    "comentario: #1123": "neutral - 0.0",
    "comentario: #1124": "neutral - 0.0",
    "comentario: #1125": "neutral - 0.0",
    "comentario: #1126": "neutral - 0.0",
    "comentario: #1127": "neutral - 0.0",
    "comentario: #1128": "neutral - 0.0",
    "comentario: #1129": "neutral - 0.0",
    "comentario: #1130": "neutral - 0.0",
    "comentario: #1131": "neutral - 0.0",
    "comentario: #1132": "neutral - 0.0",
    "comentario: #1133": "neutral - 0.0",
    "comentario: #1134": "neutral - 0.0",
    "comentario: #1135": "neutral - 0.0",
    "comentario: #1136": "neutral - 0.0",
    "comentario: #1137": "neutral - 0.0",
    "comentario: #1138": "neutral - 0.0",
    "comentario: #1139": "neutral - 0.0",
    "comentario: #1140": "neutral - 0.0",
    "comentario: #1141": "neutral - 0.0",
    "comentario: #1142": "neutral - 0.0",
    "comentario: #1143": "neutral - 0.0"
}