,freq
productividad,52
procrastinacion,28
muchisimas,28
informacion,27
productivo,20
necesitaba,19
importante,19
productiva,13
conocimiento,13
bendiciones,13
progresando,13
procrastinar,12
trabajando,12
interesante,12
actividades,11
universidad,11
aprendiendo,11
desarrollo,11
comentario,10
organizacion,10
simplemente,10
estructurar,9
herramientas,9
estudiante,9
resultados,9
comentarios,9
activacion,9
motivacion,8
organizarme,8
maravilloso,8
productivos,7
desactivacion,7
encontrado,6
encuentras,6
rendimiento,6
importantes,6
agradecerte,6
organizando,6
nuevamente,6
disciplina,6
recomiendas,6
experiencia,6
procastinacion,6
recomendaciones,6
felicidades,6
importancia,6
actualmente,5
administrar,5
felicitaciones,5
procrastinando,5
reflexionar,5
agradecido,5
experiencias,5
aprovechar,5
constancia,5
estudiando,5
suscriptores,4
procrastino,4
contribuir,4
dedicacion,4
explicando,4
compartiendo,4
emprendimiento,4
personalmente,4
mentalmente,4
conocimientos,4
ultimamente,4
planificacion,4
encantaria,4
crecimiento,4
compartirlo,4
aprendizaje,4
suscriptor,4
procrastinaba,3
fundamental,3
generalmente,3
recomendar,3
equilibrio,3
ensenanzas,3
completamente,3
comenzando,3
autoestima,3
inteligente,3
recomiendo,3
vacaciones,3
inspirador,3
relaciones,3
organizado,3
agradeceria,3
admiracion,3
diferencia,3
responsabilidades,3
constantemente,3
planificando,3
desperdiciando,3
soluciones,3
complicado,3
protegidos,3
prioritarios,3
levantarme,3
estiramientos,3
subconsciente,3
planificar,3
sinceramente,3
inspiracion,3
cometiendo,3
desarrollar,3
newsletter,2
httpsadriasolapastorcomproductividad,2
virtualmente,2
presencial,2
acostumbras,2
haciendose,2
tlegramwsapp,2
inversiones,2
estuvieses,2
impresionante,2
dificultades,2
productivas,2
mutuamente,2
especifico,2
identificar,2
escucharte,2
entendemos,2
inteligencia,2
haciendolo,2
encaminado,2
transmites,2
controlando,2
honestamente,2
preguntarte,2
progresivamente,2
psiquiatra,2
obligaciones,2
organizada,2
incertidumbre,2
instrumento,2
responsabilidad,2
enormemente,2
agradecerle,2
compartido,2
gradualmente,2
prioridades,2
lentamente,2
referencia,2
decisiones,2
seriamente,2
procastinar,2
investigar,2
definitiva,2
lastimosamente,2
funcionado,2
recientemente,2
irresponsable,2
preparamos,2
recomendarias,2
obsesiones,2
mentalidad,2
estresantes,2
considerados,2
entendiendo,2
contenidos,2
interesantes,2
frustracion,2
suscripcion,2
recuperacion,2
finalmente,2
graciassss,2
suficientemente,2
jajajajaja,2
perfectamente,2
practicamente,2
septiembre,2
aplicacion,2
compaginar,2
estrategia,2
recomendacion,2
correctamente,2
especialmente,2
telepromter,2
maravillosa,2
venezolano,2
emprendimientos,2
levantarse,2
abundancia,2
responsable,2
enhorabuena,2
consideras,2
relacionado,2
radicalmente,2
procrastinamos,2
corrompido,2
exposicion,2
determinacion,2
espectacular,2
expresarte,2
facilmente,2
afortunado,2
recuperate,2
incluyendome,2
compartirnos,2
increibles,2
seguramente,2
bibliografia,2
subscribirme,1
planeaciones,1
losultimos,1
desorientado,1
expresarlo,1
cnocimiento,1
aproveches,1
desativacion,1
convirtiendo,1
controlada,1
convertido,1
excelentisimos,1
constructiva,1
fortalecer,1
animicamente,1
fisicamente,1
escribiendo,1
materialista,1
educativos,1
procranistando,1
tremendamente,1
artistasmi,1
encontramos,1
investigando,1
posibilidad,1
comprometer,1
automotivacion,1
aprovecharlo,1
graciassssssssssss,1
felicitacion,1
obligacion,1
equivocada,1
acostumbrado,1
particular,1
preguntarme,1
inapreciable,1
consideraba,1
recuperare,1
participar,1
preocupado,1
autosaboteo,1
saturacion,1
assistindo,1
procrastinação,1
administracion,1
procrastinas,1
sobrepeses,1
billonario,1
progresareducarme,1
fundamentos,1
pragmatico,1
destinarle,1
alcanzarla,1
situaciones,1
problematicas,1
preocupando,1
automatica,1
recurriste,1
complicada,1
automatico,1
proporcione,1
automaticamente,1
arreglaran,1
exclusivamente,1
desintoxicacion,1
proporcionar,1
encuentres,1
progresado,1
autosuperacion,1
progresaste,1
motivaciones,1
especificas,1
moderarlas,1
emocionate,1
apreciarlos,1
explotarlos,1
aprovecharlos,1
condenarte,1
iniciativa,1
accountability,1
implementarlo,1
aprovechamiento,1
honestidad,1
preparatoriano,1
quedandose,1
actualidad,1
desorganizada,1
socializacion,1
innecesario,1
quitandole,1
cuantitativo,1
cualitativo,1
significativo,1
significativamente,1
reaccionar,1
escuchando,1
sencillamente,1
encaminando,1
justamente,1
priorizando,1
revitalizarnos,1
colectivas,1
graciaaaaaas,1
convertirte,1
unbelievable,1
delirantes,1
preferible,1
aprovechando,1
respuestas,1
remarcando,1
perseverancia,1
compartimos,1
desarrollarnos,1
plenamente,1
desacreditar,1
diferenciarse,1
inteligentes,1
apasionantes,1
principios,1
competitividad,1
desapareceria,1
diversidad,1
definitivamente,1
despejarse,1
enriquecedor,1
equivoques,1
arrastrando,1
demostrarles,1
obstaculos,1
digitalmente,1
confundido,1
energiahay,1
espectando,1
perfeccionistas,1
emprendeaprendiendo,1
enamorarte,1
precoupacion,1
gestionasr,1
observacion,1
repeticiones,1
comprobado,1
adjudicarse,1
desmenuzando,1
mencionados,1
eficiencia,1
basicamente,1
deewfuerzo,1
comparacion,1
cantidades,1
necesarias,1
impresionar,1
enriquecerse,1
comunicacion,1
amabilidadetc,1
graciasssssssssss,1
obsesionado,1
rectilianos,1
igualmente,1
administraba,1
proclastinacion,1
disciplinaes,1
arrepentiran,1
desorganizado,1
cualquiera,1
alonsocurioso,1
estancados,1
disciplino,1
recepciono,1
capitalista,1
implementar,1
subscriptora,1
esclavizador,1
corresponde,1
organizarlo,1
atrofiaban,1
trasnocharme,1
realisarlo,1
complementado,1
inesperados,1
enriquecer,1
pendientes,1
economicos,1
capacitarme,1
latinoamerica,1
destructor,1
naturaleza,1
expectativas,1
provechoso,1
obsesionarse,1
determinado,1
personaslo,1
gestionado,1
exponencial,1
tiempoconstanciaaceptacion,1
trabajadores,1
comentarlo,1
visibilizar,1
respetuosa,1
sinceridad,1
negociohago,1
vasquetboolistaestoy,1
preparatoriaestoy,1
aprovechado,1
descubriendo,1
reaccionarios,1
compartire,1
convertirse,1
desgastante,1
anterioridad,1
proponerte,1
ambiciones,1
acostandome,1
sentimientos,1
mecanizados,1
disfrutando,1
robotizados,1
suficiente,1
obsesionaba,1
desmotivado,1
desperdiciaba,1
recuperarme,1
idiotizados,1
cumpliendo,1
apariencia,1
profesionales,1
conclusiones,1
aplicarlas,1
sobresaliente,1
investigadores,1
organizarse,1
egocentrico,1
extorsione,1
realizacion,1
genialidad,1
jajajajajajaja,1
oportunidad,1
intentarlo,1
trimestres,1
procastinado,1
licenciatura,1
iniciotiene,1
convencido,1
lograrcompatibilizar,1
transmitis,1
practiquenlono,1
desperdicie,1
ejercicios,1
reforzando,1
cortometraje,1
poniendome,1
cumpliendolas,1
considerable,1
suscriptora,1
planificado,1
consciente,1
optimizarme,1
programacion,1
demostrarme,1
conciencia,1
organizandome,1
inconscientemente,1
satisfecho,1
ejecutando,1
contraproducentes,1
incluyendo,1
suscribipero,1
conllevando,1
impregnaras,1
presencias,1
divertirme,1
enrriquecedora,1
progresiva,1
acomodando,1
invertidos,1
desesperar,1
audiolibros,1
porfavorrr,1
comprender,1
autocritica,1
levantarnos,1
intermitentemente,1
conocieras,1
aprovecharon,1
aprovechador,1
evidentemente,1
mantenerme,1
superarnoshe,1
rellenoojala,1
descontrolo,1
comprendido,1
necesitamos,1
influencer,1
concienciarme,1
cronopatia,1
crinopatia,1
consultorio,1
reclamando,1
permanente,1
consiguiente,1
mortificacion,1
curiosidad,1
maquillaje,1
creatividad,1
aburrimiento,1
pensamientos,1
alternativa,1
dudasinfinitas,1
consentrarse,1
retroceder,1
voluntaria,1
involuntaria,1
gramaticado,1
independizarse,1
transcurso,1
explotando,1
inimaginable,1
trasformar,1
profundizar,1
trasnochando,1
procastina,1
transtorno,1
comprendas,1
inspiraste,1
enprendimiento,1
seminarios,1
esperanzadora,1
sabiduriaalgun,1
devolverteloque,1
corrientes,1
adelantesaludos,1
interminables,1
imprevistos,1
platicarnos,1
gestionada,1
publicidad,1
audiovisual,1
extraordinarios,1
enormeseste,1
cambiarlos,1
concentracion,1
combustible,1
generosidad,1
estudiostrabajo,1
claramente,1
recomendable,1
balancearlo,1
financiera,1
complementar,1
alimentacion,1
suministra,1
excelentes,1
subscriptor,1
ultradianos,1
inspirandome,1
utilizando,1
continuamente,1
quienseria,1
procrastinasion,1
sobremanera,1
diariamente,1
veterinaria,1
alimentaba,1
alcoholismo,1
increiblemente,1
moderadamente,1
abandonado,1
narcisista,1
habilidades,1
necesitare,1
estructurada,1
secundaria,1
desorganize,1
obsesionarme,1
gestionando,1
establecer,1
sobrepasan,1
colaboracion,1
predilectos,1
abstractas,1
recuperando,1
electrolitos,1
jajajajajajajajajajajaj,1
insporarme,1
desperdiciamos,1
controlamos,1
paulatinamente,1
sorprendes,1
progresare,1
aportacion,1
conseguire,1
pracrastinacion,1
procastinaba,1
oportunidades,1
checkpoint,1
superacion,1
pensamiento,1
aplicables,1
causandome,1
desperdicio,1
incorporada,1
transmitirlo,1
plataforma,1
excesivamente,1
recomiendan,1
beautyfull,1
divertidad,1
disculpacomo,1
equivocarte,1
relacionar,1
agradecida,1
atentamente,1
construimos,1
organizarnos,1
cambiaremos,1
increiblen,1
jaajajajaa,1
suministrarnos,1
cristianocrees,1
implementarla,1
diagnosticado,1
lamentablemente,1
enfermedad,1
adimirable,1
emocionado,1
casualidad,1
sorprendente,1
videojuegos,1
intentando,1
christopher,1
esperanzador,1
indiscutible,1
mencionado,1
anteriormente,1
estructura,1
certificada,1
economicas,1
ingenieria,1
absolutamente,1
relacionados,1
recomendados,1
promovamos,1
formaseestar,1
compararme,1
sentimiento,1
decepcionas,1
sorprendida,1
satisfecha,1
reinvencion,1
administrando,1
sustituirla,1
convirtiendonos,1
computadora,1
propositos,1
proximamente,1
infoproducto,1
esclarecedor,1
preparando,1
explicarlo,1
recogiendo,1
dirigiendote,1
cronograma,1
implementandoy,1
procatisnacion,1
grandiosos,1
dopaminergico,1
sorprenderme,1
preguntado,1
necesitando,1
obteniendo,1
programaciones,1
distraigan,1
agotamiento,1
toscamente,1
sugerencias,1
simultaneamente,1
adecuadamente,1
posteriormente,1
pulliendolos,1
inmortales,1
recordados,1
procrastinadora,1
disciplinado,1
esforzandose,1
pertinente,1
prontamente,1
transformando,1
herramienta,1
desahuciado,1
laboralmente,1
profesionalmente,1
emprendedor,1
demostrado,1
divertidos,1
felizmente,1
traductores,1
obviamente,1
innecesarios,1
reestructurar,1
emprendiendo,1
maximiliano,1
comprometernos,1
escribiria,1
anteriores,1
distorsionado,1
saturarnos,1
prosperidad,1
construyes,1
profundamente,1
distribuyes,1
mantenerlos,1
visualizado,1
recomendarte,1
filosofica,1
reconozcas,1
tratamientos,1
psicologicos,1
convertirme,1
incredible,1
humanizamos,1
preguntaba,1
principalmente,1
sincronizacion,1
menospreciarlo,1
encontrando,1
profesores,1
tradicionales,1
ocnsultoria,1
participativo,1
desesperado,1
preguntando,1
comprometerme,1
primeraaaaa,1
